"7 Wonders 2","https://nswgame.com/7-wonders-2-ds-download-free/","https://1.bp.blogspot.com/-tRn1jwzMObE/W-GgJhxwGlI/AAAAAAAAWXg/oNoX3iNz18wJq_v2z3t5oOVspUkRGhMWACLcBGAs/s1600/26.jpg"
"7 Wonders Treasures of Seven","https://nswgame.com/7-wonders-treasures-of-seven-ds-download-free/","https://1.bp.blogspot.com/-sBflZwKGtPs/W-GgJpgWhwI/AAAAAAAAWXk/wnQHaKjVzToVeh6101fkGX4pb64hLd5igCLcBGAs/s1600/25.jpg"
"Ace Attorney Investigations Miles Edgeworth","https://nswgame.com/ace-attorney-investigations-miles-edgeworth-ds-download-free/","https://2.bp.blogspot.com/-YI4oiRzuWVo/W-GgGIyxYpI/AAAAAAAAWW0/MV3pH4GJqsIGv8CtuWwJYIjcBp6yfrXFgCLcBGAs/s1600/15.jpg"
"Advance Wars Days of Ruin","https://nswgame.com/advance-wars-days-of-ruin-ds-download-free/","https://2.bp.blogspot.com/-k40iW_LSWqs/W-AlKUqPQCI/AAAAAAAAWUg/R4ZJ0SUf6esg2uwJxyFnXYDVniCWT-5nQCLcBGAs/s1600/83.jpg"
"Advance Wars Dual Strike","https://nswgame.com/advance-wars-dual-strike-ds-download-free/","https://4.bp.blogspot.com/-DHUOsgdLmng/W-AlKUR5w_I/AAAAAAAAWUk/A0lRyWkm9O8ItAo5reo8syYzU4P_9vpzgCLcBGAs/s1600/84.jpg"
"Adventure Time Hey Ice King Whyd You Steal Our Garbage","https://nswgame.com/adventure-time-hey-ice-king-whyd-you-steal-our-garbage-ds-download-free/","https://1.bp.blogspot.com/-mF-ZnJLiVxs/W-AlKMY4j_I/AAAAAAAAWUc/byW_VuUEcwYbow0MVZHr3o-t54YVnZuigCLcBGAs/s1600/82.jpg"
"All Kamen Rider Rider Generation 2","https://nswgame.com/all-kamen-rider-rider-generation-2-ds-download-free/","https://1.bp.blogspot.com/-ia6hDl9WFBw/W-GgHIjXVhI/AAAAAAAAWXE/K3y9OsUefXQuiNDuwK0_DKMmcWgxIgshgCLcBGAs/s1600/18.jpg"
"All Kamen Rider Rider Generation","https://nswgame.com/all-kamen-rider-rider-generation-ds-download-free/","https://2.bp.blogspot.com/-efMmCx96dCM/W-GgHANLhDI/AAAAAAAAWXA/W8NC-nSAWGglN0I7fIJNHWS_dl6HyGNDACLcBGAs/s1600/19.jpg"
"Animal Crossing Wild World","https://nswgame.com/animal-crossing-wild-world-ds-download-free/","https://3.bp.blogspot.com/-OtNSzuNvtXQ/W-AlFRnCCbI/AAAAAAAAWTI/fvbQAHU5nLka7tF1V3urshBheNbXfrYFACLcBGAs/s1600/63.jpg"
"Apollo Justice Ace Attorney","https://nswgame.com/apollo-justice-ace-attorney-ds-download-free/","https://4.bp.blogspot.com/-DgaQkN8Bj6M/W-GgFzvl1fI/AAAAAAAAWWw/skEB4f4dj8Ir7BOf2AC_UtcsQQvs3SJugCLcBGAs/s1600/14.jpg"
"ASH Archaic Sealed Heat","https://nswgame.com/ash-archaic-sealed-heat-ds-download-free/","https://2.bp.blogspot.com/-sUr1MEeMv60/W95tW-7Ji5I/AAAAAAAAWL8/8QEFOSkIJOs1Lf96uYyb7ZFfE_jfZ03mwCLcBGAs/s1600/6.jpg"
"Assassins Creed 2 Discovery","https://nswgame.com/assassins-creed-2-discovery-ds-download-free/","https://4.bp.blogspot.com/-HgNgObqQf2g/W-K3_X0Z_jI/AAAAAAAAWgI/VyiLmcOm0GUWSPl9O8pof27oPuD4-wv2wCLcBGAs/s1600/50.jpg"
"Assassins Creed Altairs Chronicles","https://nswgame.com/assassins-creed-altairs-chronicles-ds-download-free/","https://2.bp.blogspot.com/-cHaREWsimBo/W-K3_SZ6cJI/AAAAAAAAWgE/Wp_HexTbjvYzbsgCmf3IryPPz5Vf5pAdQCLcBGAs/s1600/51.jpg"
"Atelier Annie Alchemists of Sera Island","https://nswgame.com/atelier-annie-alchemists-of-sera-island-ds-download-free/","https://1.bp.blogspot.com/-BboaeUccm6I/W-AlC9YoPBI/AAAAAAAAWSY/Nq3R_L07eMgsMnHDKAEth5BTdg1Bbbr5ACLcBGAs/s1600/52.jpg"
"Avalon Code UNDUB","https://nswgame.com/avalon-code-ds-download-free/","https://2.bp.blogspot.com/-g7RLVos0diE/W95tWUqtbOI/AAAAAAAAWL4/-how3gvyGjQ5q5KVMbF_6h0fSlEyMMp2gCLcBGAs/s1600/58.jpg"
"Avalon Code","https://nswgame.com/avalon-code-ds-download-free-2/","https://2.bp.blogspot.com/-jlVjHwnq1OA/W-K3-eBwbBI/AAAAAAAAWf8/s6LKx2kRoDwzS9mph895K8-3Nkfij4iLgCLcBGAs/s1600/49.jpg"
"Backyard Baseball 10","https://nswgame.com/backyard-baseball-10-ds-download-free/","https://4.bp.blogspot.com/-qxX1j5Rvp5M/W-AlAd3D2II/AAAAAAAAWRk/S8ZMxWnA4jYHTJQl58j0dECCAy8_cQzDgCLcBGAs/s1600/4.jpg"
"Backyard Basketball","https://nswgame.com/backyard-basketball-ds-download-free/","https://2.bp.blogspot.com/-HlU2bjA5vsY/W-Ak6D5V5oI/AAAAAAAAWPs/HI9OwNxBEn8IJrFbraqNMkEA3qDLB5OOQCLcBGAs/s1600/12.jpg"
"Bakugan Battle Brawlers Battle Trainer","https://nswgame.com/bakugan-battle-brawlers-battle-trainer-ds-download-free/","https://2.bp.blogspot.com/-SAz0vy7whBo/W-K3-PyOhYI/AAAAAAAAWf0/ZkSn-iMFd2szzzSCRUspBCfYT8WPW8aUgCLcBGAs/s1600/47.jpg"
"Bakugan Battle Brawlers","https://nswgame.com/bakugan-battle-brawlers-ds-download-free/","https://2.bp.blogspot.com/-BW0aIY-CFAg/W-K3-c65RHI/AAAAAAAAWf4/BsCrK6oZTyURurOi1JQZW2-uZbcV5bx8ACLcBGAs/s1600/48.jpg"
"Bakugan Defenders of The Core","https://nswgame.com/bakugan-defenders-of-the-core-ds-download-free/","https://1.bp.blogspot.com/-Z2nBzd_hUI4/W-K3909OCSI/AAAAAAAAWfw/YUihsj2yzYsDbLCO0RvHP3oCmbqBXtdYQCLcBGAs/s1600/46.jpg"
"Bakugan Rise of The Resistance","https://nswgame.com/bakugan-rise-of-the-resistance-ds-download-free/","https://4.bp.blogspot.com/-wU7BMoFlUG0/W-K39ThHfQI/AAAAAAAAWfs/z2_WRBGAuRsCE4QjLhBKf5VVMA5CvBKXwCLcBGAs/s1600/45.jpg"
"Battle of Giants Dinosaurs","https://nswgame.com/battle-of-giants-dinosaurs-ds-download-free/","https://2.bp.blogspot.com/-BD5L6njfthk/W-K39VfMx9I/AAAAAAAAWfo/AXLIjAgk75I9cp8eM4yFwkzW2WUW_COOACLcBGAs/s1600/44.jpg"
"Battle of Giants Dragons","https://nswgame.com/battle-of-giants-dragons-ds-download-free/","https://2.bp.blogspot.com/-GLhME8geHsQ/W-K39IocA7I/AAAAAAAAWfk/5e9XSvrPPXwM4047OlkT0MJ7BYpLxYK0QCLcBGAs/s1600/43.jpg"
"Battle of Giants Mutant Insects","https://nswgame.com/battle-of-giants-mutant-insects-ds-download-free/","https://1.bp.blogspot.com/-gQvVQG43JXk/W-K3852v1SI/AAAAAAAAWfg/JVZHaKPPjP8fiN1iX88Nhbh611XbHKlBwCLcBGAs/s1600/42.jpg"
"Bigfoot Collision Course","https://nswgame.com/bigfoot-collision-course-ds-download-free/","https://2.bp.blogspot.com/-j0HuXEsb8ww/W-Ak8QTDQ8I/AAAAAAAAWQc/RVIOzrGTxK4d259f0wanB5moC-3s3zhWQCLcBGAs/s1600/23.jpg"
"Biker Mice From Mars","https://nswgame.com/biker-mice-from-mars-ds-download-free/","https://1.bp.blogspot.com/-yL2d-I8TL8U/W-K38y0SORI/AAAAAAAAWfc/5bf2Fqawqvs0zauU9865lm8ljEZTcvjSwCLcBGAs/s1600/41.jpg"
"Bleach The 3rd Phantom","https://nswgame.com/bleach-the-3rd-phantom-ds-download-free/","https://2.bp.blogspot.com/-681fH646fuo/W95tWDfM3eI/AAAAAAAAWLw/JEUgkfeWHH8fEQkDkaiZ6w9eUZrMw3SngCLcBGAs/s1600/57.jpg"
"Bleach The Blade of Fate","https://nswgame.com/bleach-the-blade-of-fate-ds-download-free/","https://3.bp.blogspot.com/-xwr5C6OA4yU/W95tVn3UUyI/AAAAAAAAWLs/QARZ1_vlCMgL0rmYobQ1dvYcAd6Tw-DAACLcBGAs/s1600/56.jpg"
"Bomberman Land Touch 2","https://nswgame.com/bomberman-land-touch-2-ds-download-free/","https://1.bp.blogspot.com/-tDRZ6Xjec8k/W-Ak_3kzHQI/AAAAAAAAWRY/el0nKM0Bkksf7GUvWPeFaKfvulRm7gWZwCLcBGAs/s1600/37.jpg"
"Bomberman Land Touch","https://nswgame.com/bomberman-land-touch-ds-download-free/","https://4.bp.blogspot.com/-3WDNaLiudLE/W-AlAH14RJI/AAAAAAAAWRg/H10vVM70QSIU-_EnZmNABjWQfY5wKxF-QCLcBGAs/s1600/39.jpg"
"Brave Story Boku no Kioku to Negai","https://nswgame.com/brave-story-boku-no-kioku-to-negai-ds-download-free/","https://2.bp.blogspot.com/-u_1KDtiArxE/W-K4CKbXsPI/AAAAAAAAWg0/NZxYH7FeYO4TG_JXpDA5PZD_RoFBF20sQCLcBGAs/s1600/61.jpg"
"Brave The Video Game","https://nswgame.com/brave-the-video-game-ds-download-free/","https://2.bp.blogspot.com/-6AUA85MSinQ/W-K38gVfwbI/AAAAAAAAWfY/OTjpyOuiyeo5dcRdIfZBTUfYrmOw3FIPwCLcBGAs/s1600/40.jpg"
"Cake Mania 2 Jills Next Adventure","https://nswgame.com/cake-mania-2-jills-next-adventure-ds-download-free/","https://1.bp.blogspot.com/-NGEAKHJuAUA/W-GgSPlpejI/AAAAAAAAWZM/ZOnFunvWZrIQ5Vj5YtFsVXbve5Cv0C9xgCLcBGAs/s1600/5.jpg"
"Cake Mania 3","https://nswgame.com/cake-mania-3-ds-download-free/","https://1.bp.blogspot.com/-H0gq_6FvteM/W-GgN-qWUAI/AAAAAAAAWYg/obr3V2RtSx8GPZxMoThhvMRiL5Mv_WDlwCLcBGAs/s1600/4.jpg"
"Cake Mania Main Street","https://nswgame.com/cake-mania-main-street-ds-download-free/","https://2.bp.blogspot.com/-IKGozReisak/W-GgWNHGT-I/AAAAAAAAWZ4/QvNfKimsRjAvkb3m1kUcanP0qChixJUUQCLcBGAs/s1600/6.jpg"
"Cake Mania","https://nswgame.com/cake-mania-ds-download-free/","https://1.bp.blogspot.com/-JwSyZnVXfmo/W-GgKrhaOpI/AAAAAAAAWX0/9smT9xOnfZQSZPh422WguIB8wUC9uSGigCLcBGAs/s1600/3.jpg"
"Call of Duty Black Ops","https://nswgame.com/call-of-duty-black-ops-ds-download-free/","https://3.bp.blogspot.com/-fEFNwY73XBc/W-Ak90DaQrI/AAAAAAAAWQ8/8mBBEeNTPCIO729iHmz-mslV8zcR-EB-wCLcBGAs/s1600/30.jpg"
"Call of Duty Modern Warfare 3 Defiance","https://nswgame.com/call-of-duty-modern-warfare-3-defiance-ds-download-free/","https://2.bp.blogspot.com/-vVW36Xtn7ck/W-Ak8e3SRxI/AAAAAAAAWQY/9qFQsGL2Yp0H2E7W3OsmS-qL-rr5COO6gCLcBGAs/s1600/22.jpg"
"Call of Duty World at War","https://nswgame.com/call-of-duty-world-at-war-ds-download-free/","https://3.bp.blogspot.com/-dNY4fA-n3mw/W-AlHBEyD9I/AAAAAAAAWTk/p3VrhdlLZM4CXVw9MH5y1wxCJ1TmFW9sACLcBGAs/s1600/7.jpg"
"Cars 2","https://nswgame.com/cars-2/","https://2.bp.blogspot.com/-kQLBZUweOcA/W9_BieRAGdI/AAAAAAAAWPQ/-cjOcvG8QXkvEnIoEFYqy8lw1NIgHZ48wCLcBGAs/s1600/1.jpg"
"Cars Mater National Championship","https://nswgame.com/cars-mater-national-championship-ds-download-free/","https://2.bp.blogspot.com/-zUfyuo01R4w/W95tbT_3HqI/AAAAAAAAWM8/0vV-KRGPh_cTPn3FYEViD613uDf83LeMQCLcBGAs/s1600/74.jpg"
"Cars Race O Rama","https://nswgame.com/cars-race-o-rama-ds-download-free/","https://3.bp.blogspot.com/-CAa0p9P3yPU/W95ta1qupAI/AAAAAAAAWM4/acZjvUz1pp0cGhLJMmAVcputaiETTWejgCLcBGAs/s1600/73.jpg"
"Cars","https://nswgame.com/cars-ds-download-free/","https://1.bp.blogspot.com/-IewgdwPNIRM/W95tcZeVsDI/AAAAAAAAWNI/r6JIrA2-TT8_ie64dkrfTnw-OuRjNoalACLcBGAs/s1600/76.jpg"
"Castlevania Dawn of Sorrow","https://nswgame.com/castlevania-dawn-of-sorrow-ds-download-free/","https://4.bp.blogspot.com/-dIldszMOTyQ/W-AlN1Z_X1I/AAAAAAAAWVg/PpIYHygrGEowkRPc1o6DgUoZQPPvbbi8QCLcBGAs/s1600/98.jpg"
"Castlevania Order of Ecclesia","https://nswgame.com/castlevania-order-of-ecclesia-ds-download-free/","https://4.bp.blogspot.com/-h2k1vOXuRig/W-AlOdy0TTI/AAAAAAAAWVk/8QHTF0WBmegaCOx3UWhdDrJaythCwg2UQCLcBGAs/s1600/99.jpg"
"Castlevania Portrait of Ruin","https://nswgame.com/castlevania-portrait-of-ruin-ds-download-free/","https://2.bp.blogspot.com/-TVwFzl1Zs9E/W-Ak5CGG6wI/AAAAAAAAWPg/QjWEia1PPeQXsKfFnIPm53jFp8pWz7H-QCLcBGAs/s1600/100.jpg"
"Chaotic Shadow Warriors","https://nswgame.com/chaotic-shadow-warriors-ds-download-free/","https://2.bp.blogspot.com/-W-63H3VhXCk/W-K38B1d8CI/AAAAAAAAWfQ/CsxRTbHIKY8r8Ihy9-zeooLC5MbQa6e4gCLcBGAs/s1600/39.jpg"
"Chicken Little Ace in Action","https://nswgame.com/chicken-little-ace-in-action-ds-download-free/","https://1.bp.blogspot.com/-zwwhNV23qE0/W95tgsoWWMI/AAAAAAAAWOQ/JdBE3AQummw85138orHjTnFslxX0f-9KACLcBGAs/s1600/93.jpg"
"Children of Mana","https://nswgame.com/children-of-mana-ds-download-free/","https://1.bp.blogspot.com/-8rv-u8Ntyos/W-K38JvdYFI/AAAAAAAAWfM/fGaUu0HYy448127y11Ei9o8ekjnPfTU2wCLcBGAs/s1600/38.jpg"
"Chrono Trigger","https://nswgame.com/chrono-trigger-ds-download-free/","https://4.bp.blogspot.com/-U5g0xPMZK-0/W-K371SFpZI/AAAAAAAAWfI/QXuAD5WjNjAB-j6zaVfVwP9xf1mr3ZmOQCLcBGAs/s1600/37.jpg"
"Club Penguin Elite Penguin Force","https://nswgame.com/club-penguin-elite-penguin-force-ds-download-free/","https://2.bp.blogspot.com/-iw0nRpSzPjc/W95tZCo2_VI/AAAAAAAAWMc/J0u4ltsmV8EXylH0d5v9NkB97jR_-wfTQCLcBGAs/s1600/68.jpg"
"Club Penguin EPF Herberts Revenge","https://nswgame.com/club-penguin-epf-herberts-revenge-ds-download-free/","https://1.bp.blogspot.com/--tYyeq80gmw/XEu9HxNJkKI/AAAAAAAAZko/zWopVaLhYiUi_xhk4Abqk6WSnnVEOIgkQCLcBGAs/s1600/1.jpg"
"Code Geass Hangyaku no Lelouch","https://nswgame.com/code-geass-hangyaku-no-lelouch-ds-download-free/","https://3.bp.blogspot.com/-Q6E3djuorD8/W95tZm8jhiI/AAAAAAAAWMs/PSshUSG1GigxEC_yl4RaD1UvoqaNRdl6ACLcBGAs/s1600/7.jpg"
"Code Lyoko Fall of XANA","https://nswgame.com/code-lyoko-fall-of-xana-ds-download-free/","https://4.bp.blogspot.com/-r0X88YjRTAk/W-K37r0JXeI/AAAAAAAAWfE/jkB54qqFD_8RoWyv3q6CsFbVKRZM3tc0ACLcBGAs/s1600/36.jpg"
"Code Lyoko Get Ready To Virtualize","https://nswgame.com/code-lyoko-get-ready-to-virtualize-ds-download-free/","https://4.bp.blogspot.com/-0V9mR55k03g/W-K37eHjb5I/AAAAAAAAWfA/cIxz_Jmhz9cLWv_Bx68HPeRktqXDYtFdACLcBGAs/s1600/35.jpg"
"Contra 4","https://nswgame.com/contra-4-ds-download-free/","https://1.bp.blogspot.com/-OPrKFwav7ic/W-K37AWDm1I/AAAAAAAAWe8/Z8bwmKyoghwj5nVrPAyfxZFhNWrYw753ACLcBGAs/s1600/34.jpg"
"Crash Boom Bang","https://nswgame.com/crash-boom-bang-ds-download-free/","https://2.bp.blogspot.com/-iDdhE3NNM8I/W-AlAi-alNI/AAAAAAAAWRo/51mBWnLE_MIoKhWvr5pu1CC5zH0TpsqMQCLcBGAs/s1600/40.jpg"
"Crash Mind Over Mutant","https://nswgame.com/crash-mind-over-mutant-ds-download-free/","https://4.bp.blogspot.com/-QTk-0nU5yTE/W-K36UL60MI/AAAAAAAAWe0/fOUtFOTeGxMSqIo_csmTo-SNkxqeb4wUACLcBGAs/s1600/32.jpg"
"Crash of The Titans","https://nswgame.com/crash-of-the-titans-ds-download-free/","https://1.bp.blogspot.com/-kUDnrM4XlnQ/W-K36yQ0zpI/AAAAAAAAWe4/Q_EA7re2AGse6ANclGeIj6ievz31OLLaACLcBGAs/s1600/33.jpg"
"Culdcept DS","https://nswgame.com/culdcept-ds-download-free/","https://1.bp.blogspot.com/-oMu4Hif0C_4/W95tdpXCn2I/AAAAAAAAWNY/ofI4ZEVmZxYvoSUytRvXzLVZ0BliZS3cQCLcBGAs/s1600/8.jpg"
"Death JR and The Science Fair of Doom","https://nswgame.com/death-jr-and-the-science-fair-of-doom-ds-download-free/","https://3.bp.blogspot.com/-C2cH2BWhAwQ/W-K350gnOAI/AAAAAAAAWew/HJIuvSiToVcYoWlZPa58cDvRFa06lt6yACLcBGAs/s1600/31.jpg"
"Dementium 2","https://nswgame.com/dementium-2-ds-download-free/","https://2.bp.blogspot.com/-EsIuWoU9R3I/W-GgEcULqdI/AAAAAAAAWWc/44f_oHp7-UAPMq5hIjSfGlassxB8dp85ACLcBGAs/s1600/1.jpg"
"Dementium The Ward","https://nswgame.com/dementium-the-ward-ds-download-free/","https://2.bp.blogspot.com/-1j_XxLLp2Lg/W-GgHWgT5bI/AAAAAAAAWXI/mmUQYEW9qeEk5kXnLUbBU7RjYPG4450VQCLcBGAs/s1600/2.jpg"
"Digimon World Championship","https://nswgame.com/digimon-world-championship-ds-download-free/","https://4.bp.blogspot.com/-0-du_3_UcQU/W-K34WGnWTI/AAAAAAAAWeg/fOf7If_ebwMOF2WOGPrx4NB9Wl2C3ooUgCLcBGAs/s1600/27.jpg"
"Digimon World Dawn","https://nswgame.com/digimon-world-dawn-ds-download-free/","https://2.bp.blogspot.com/-28YgMoXRTHg/W-K34U43NLI/AAAAAAAAWek/WeFyN4i5wd0oSH0sZGhVHhOgkywNJ9rQgCLcBGAs/s1600/29.jpg"
"Digimon World DS","https://nswgame.com/digimon-world-ds-download-free/","https://1.bp.blogspot.com/-1LaWuyAIOrI/W-K34U5pc-I/AAAAAAAAWec/SIiBr-ZtP5EyTTir3DccfpRe4e1cwo2lACLcBGAs/s1600/28.jpg"
"Digimon World Dusk","https://nswgame.com/digimon-world-dusk-ds-download-free/","https://4.bp.blogspot.com/-af_JlqQbNzs/W-K35X7peKI/AAAAAAAAWes/BbcLvFzocHA71KXuidcDenLcEebEyJGpACLcBGAs/s1600/30.jpg"
"Diner Dash Flo on the Go","https://nswgame.com/diner-dash-flo-on-the-go-ds-download-free/","https://4.bp.blogspot.com/-qiKFtkDuJ98/W-AlNv0RhHI/AAAAAAAAWVc/H_rzryolTv4IKVtDAhccilPOwA4QH3DewCLcBGAs/s1600/97.jpg"
"Diner Dash Sizzle & Serve","https://nswgame.com/diner-dash-sizzle-serve-ds-download-free/","https://3.bp.blogspot.com/-gdeUEL4WE3U/W-AlNJtvDYI/AAAAAAAAWVY/U5T10gxiXVIBHjKnedhIF3suciiGWzgpgCLcBGAs/s1600/96.jpg"
"Disgaea DS","https://nswgame.com/disgaea-ds-download-free/","https://4.bp.blogspot.com/-XoQkECxXWzE/W95tVgh_mkI/AAAAAAAAWLo/UFk8l2ZVYIwLAGpzScRzyCQZMpLIa_GSgCLcBGAs/s1600/55.jpg"
"Disney Bolt","https://nswgame.com/bolt-ds-download-free/","https://1.bp.blogspot.com/-XFeWb9bZ4GA/W-Ak-h5BgSI/AAAAAAAAWRE/qMCfbQPGE4wAgmR8AKad2yrH8KorPGxPQCLcBGAs/s1600/32.jpg"
"Disney Fairies Tinker Bell & The Great Fairy Rescue","https://nswgame.com/disney-fairies-tinker-bell-the-great-fairy-rescue-ds-download-free/","https://3.bp.blogspot.com/-KaDlHqjoBM0/W95tfkm-jzI/AAAAAAAAWN4/R_ofEE8WBKAqXtEu1NNWotbXyege0cdTwCLcBGAs/s1600/89.jpg"
"Disney Fairies Tinker Bell and The Lost Treasure","https://nswgame.com/disney-fairies-tinker-bell-and-the-lost-treasure-ds-download-free/","https://2.bp.blogspot.com/-UuZ7FheXVVw/W95tfkSWHqI/AAAAAAAAWN8/mHkjzjB518ctYFn-rJuE3In5S7V-nebkgCLcBGAs/s1600/88.jpg"
"Disney Fairies Tinker Bell","https://nswgame.com/disney-fairies-tinker-bell-ds-download-free/","https://3.bp.blogspot.com/-JsJQCN9RRaQ/W95tfPqESuI/AAAAAAAAWN0/E2kOKEAxgN4xynaVj-ovDnvp33iLl5RggCLcBGAs/s1600/87.jpg"
"Disney Friends","https://nswgame.com/disney-friends-ds-download-free/","https://2.bp.blogspot.com/-B9qTyybtXX8/W95tgaYQ7NI/AAAAAAAAWOI/La1O4TqNzFUnmQdNpbG2eUy6XaJmY-c9ACLcBGAs/s1600/91.jpg"
"Disney Frozen Olafs Quest","https://nswgame.com/disney-frozen-olafs-quest-ds-download-free/","https://3.bp.blogspot.com/-zSKQodRHSGY/W95tYSOGq_I/AAAAAAAAWMY/5T8TulffYQE3Y4aG8I9OWO1g6wtSajSngCLcBGAs/s1600/66.jpg"
"Disney Planes","https://nswgame.com/disney-planes-ds-download-free/","https://3.bp.blogspot.com/-YZtLyDlei2A/W95tZIUq75I/AAAAAAAAWMg/OncxkBxgceUrIF9iYxpfw3SePynNHrdTwCLcBGAs/s1600/67.jpg"
"Disney Princess Magical Jewels","https://nswgame.com/disney-princess-magical-jewels-ds-download-free/","https://1.bp.blogspot.com/-3EnSv9hzy7k/W95tgB9KKEI/AAAAAAAAWOE/d3SOFyN01NsMJhu6rDyBiGHWAOjzSMuswCLcBGAs/s1600/90.jpg"
"Disney Stitch Jam","https://nswgame.com/disney-stitch-jam-ds-download-free/","https://2.bp.blogspot.com/-26K-xgKPlI4/W95tZsoQw8I/AAAAAAAAWMo/KdStV_qs8aA7SOTTTGYX2cBGLD6VyBwrgCLcBGAs/s1600/70.jpg"
"Disney Violetta Rhythm and Music","https://nswgame.com/disney-violetta-rhythm-and-music-ds-download-free/","https://2.bp.blogspot.com/-GKBEZsouDu0/W95te3j37VI/AAAAAAAAWNw/--9fNjcoefgVCrSoJ10EQP9GezmPl2CRgCLcBGAs/s1600/86.jpg"
"DoraBase 2 Nettou Ultra Stadium","https://nswgame.com/dorabase-2-nettou-ultra-stadium-ds-download-free/","https://2.bp.blogspot.com/-HKLMZYIecbQ/W95tXDyLYGI/AAAAAAAAWMA/JK5Z3HTesAIrip3RvU9bHTySl0vAtaeNwCLcBGAs/s1600/60.jpg"
"DoraBase Doraemon Chou Yakyuu Gaiden","https://nswgame.com/dorabase-doraemon-chou-yakyuu-gaiden-ds-download-free/","https://4.bp.blogspot.com/-Nbn2_5dxO74/W95tXCUBD-I/AAAAAAAAWME/gM-wd4Vxs-kGY5ivv_Gu0DoeDtkP9E6MwCLcBGAs/s1600/61.jpg"
"Doraemon Nobita and The Green Giant Legend DS","https://nswgame.com/doraemon-nobita-and-the-green-giant-legend-ds-download-free/","https://3.bp.blogspot.com/-tkg8lBtNwK8/W95tXr37JqI/AAAAAAAAWMI/v5Ql6AIE8lEd3ORFdOwC7fSykpA5O2ZVQCLcBGAs/s1600/62.jpg"
"Doraemon Nobita no Shin Makai Daibouken DS","https://nswgame.com/doraemon-nobita-no-shin-makai-daibouken-ds-download-free/","https://4.bp.blogspot.com/-pKAHAAuWbCU/W95tX8Yzo6I/AAAAAAAAWMM/66PjbHeSlX8YuySRqIypDwP8duS3yklRQCLcBGAs/s1600/63.jpg"
"Doraemon Nobitas Dinosaur 2006 DS","https://nswgame.com/doraemon-nobitas-dinosaur-2006-ds-download-free/","https://2.bp.blogspot.com/-0zVofojh4qw/W95tYLdmsjI/AAAAAAAAWMQ/nQCWDGvMUzUx-QAG_57ueee3EdherF__ACLcBGAs/s1600/64.jpg"
"Draglade","https://nswgame.com/draglade-ds-download-free/","https://2.bp.blogspot.com/-EE1h3m4CMNk/W-K335BMaQI/AAAAAAAAWeY/qBLnV3DIs5oI2Zo9QB9iF7T6ZSPjtdRvQCLcBGAs/s1600/26.jpg"
"Dragon Ball Origins 2","https://nswgame.com/dragon-ball-origins-2-ds-download-free/","https://2.bp.blogspot.com/-BffOsj0lyq8/W-K32xztulI/AAAAAAAAWeM/g3f4QbNgQfQleXm0xB2Bb0HfeU17mZNkgCLcBGAs/s1600/22.jpg"
"Dragon Ball Origins","https://nswgame.com/dragon-ball-origins-ds-download-free-2/","https://2.bp.blogspot.com/-a7BTbaYsnx8/W-K325ajVGI/AAAAAAAAWeI/7XuSkEPve0ccgJ-zpghGhQ1TVzpRSRmtwCLcBGAs/s1600/23.jpg"
"Dragon Ball Origins","https://nswgame.com/dragon-ball-origins-ds-download-free/","https://1.bp.blogspot.com/-U0mfT4RKwOY/W95tVa2H3jI/AAAAAAAAWLk/DQsi_RmE7e8l8ZBKDh8y0qSzTwJY2Q2nQCLcBGAs/s1600/54.jpg"
"Dragon Ball Z Attack of The Saiyans","https://nswgame.com/dragon-ball-z-attack-of-the-saiyans-ds-download-free/","https://3.bp.blogspot.com/-ooQ1Gl3v1zM/W-K33g-tmnI/AAAAAAAAWeU/iRN_BWDtHdQB3Odqi-tPPLneULw2MU7vwCLcBGAs/s1600/25.jpg"
"Dragon Ball Z Supersonic Warriors 2","https://nswgame.com/dragon-ball-z-supersonic-warriors-2-ds-download-free/","https://2.bp.blogspot.com/-3qaYeCTp4HE/W-K33FNlSfI/AAAAAAAAWeQ/YGKIHlfwhHUhqA1ABwYsOBFcfCEHAYs0QCLcBGAs/s1600/24.jpg"
"Dragon Hunters","https://nswgame.com/dragon-hunters-ds-download-free/","https://1.bp.blogspot.com/-EOLsdeXEg9o/W-K32iTKJfI/AAAAAAAAWeE/FJ-OhadjwE0XMz5WhC2ynPwQjBSTjl_GwCLcBGAs/s1600/21.jpg"
"Dragon Quest Heroes Rocket Slime","https://nswgame.com/dragon-quest-heroes-rocket-slime-ds-download-free/","https://4.bp.blogspot.com/-JKCvRHv0Hv4/W-AlH-a-iTI/AAAAAAAAWT0/k8rG5HubDS48BesD-MTN81vIYfSJkIu0gCLcBGAs/s1600/73.jpg"
"Dragon Quest IV Chapters of The Chosen","https://nswgame.com/dragon-quest-iv-chapters-of-the-chosen-ds-download-free/","https://4.bp.blogspot.com/-OxRSjv3zrFk/W-AlLI58FyI/AAAAAAAAWUw/Ud7ZN0NMK3YSyY9_AsBIwrl1ywTZv4omQCLcBGAs/s1600/87.jpg"
"Dragon Quest IX Sentinels of The Starry Skies","https://nswgame.com/dragon-quest-ix-sentinels-of-the-starry-skies-ds-download-free/","https://2.bp.blogspot.com/-m4JhC1QiwDE/W-K32ZHy_aI/AAAAAAAAWeA/wHy06JuvRioxsf9jtWnJ5gvS8CHpllREQCLcBGAs/s1600/20.jpg"
"Dragon Quest Monsters Joker 2","https://nswgame.com/dragon-quest-monsters-joker-2-ds-download-free/","https://4.bp.blogspot.com/-jkj7OFYZBBQ/W-K30-6onFI/AAAAAAAAWd0/XM0Ykwv_hoc05_FuGkcZjaUgWLPfVkfKgCLcBGAs/s1600/18.jpg"
"Dragon Quest Monsters Joker","https://nswgame.com/dragon-quest-monsters-joker-ds-download-free/","https://3.bp.blogspot.com/-WG9KqwNCSKc/W-K31XNd8cI/AAAAAAAAWd4/tvygYWyo6Yknv9nopK6MHp2zlaKFjtcawCLcBGAs/s1600/19.jpg"
"Dragon Quest V Hand of the Heavenly Bride","https://nswgame.com/dragon-quest-v-hand-of-the-heavenly-bride-ds-download-free/","https://4.bp.blogspot.com/-E1ZQAo39G6I/W-AlLOAwuaI/AAAAAAAAWUs/kNWKKPr00sIWWrIjg3KcJqPOkYkmtxS0QCLcBGAs/s1600/86.jpg"
"Dragon Quest VI Realms of Revelation","https://nswgame.com/dragon-quest-vi-realms-of-revelation-ds-download-free/","https://3.bp.blogspot.com/-ngCjUbknNkU/W-AlK6w-yzI/AAAAAAAAWUo/C-pQtL41-zYej2TqkqJTUAjorlb71doBwCLcBGAs/s1600/85.jpg"
"Dungeon Explorer Warriors of Ancient Arts","https://nswgame.com/dungeon-explorer-warriors-of-ancient-arts-ds-download-free/","https://3.bp.blogspot.com/-gedUyBuMGpY/W-K30XnTd2I/AAAAAAAAWdw/m1Sj-FFeZP0_L2LBsOi6AE_lPLvvCUGVwCLcBGAs/s1600/17.jpg"
"Dungeon of Windaria","https://nswgame.com/dungeon-of-windaria-ds-download-free/","https://4.bp.blogspot.com/-PumQbf_38IA/W95tfz6UZQI/AAAAAAAAWOA/MchBjne07X8s_mHrJvTS-6-6ka1j_ywBwCLcBGAs/s1600/9.jpg"
"Dynasty Warriors DS Fighters Battle","https://nswgame.com/dynasty-warriors-ds-fighters-battle-ds-download-free/","https://2.bp.blogspot.com/-ukWV1lcLDOI/W-K30EjyH6I/AAAAAAAAWds/4g_vTf-kFVgRmKSRMzc3RUrtkjke51DGQCLcBGAs/s1600/16.jpg"
"Elebits The Adventures of Kai and Zero","https://nswgame.com/elebits-the-adventures-of-kai-and-zero-ds-download-free/","https://3.bp.blogspot.com/-kQf6bfDI_YE/W95tUj-N7ZI/AAAAAAAAWLc/kG6K764gRL8hp6QuMNQQsuzVpWqEGg_AwCLcBGAs/s1600/53.jpg"
"Electroplankton","https://nswgame.com/electroplankton-ds-download-free/","https://2.bp.blogspot.com/-K9n0efw72Ys/W-Ak7rNODtI/AAAAAAAAWQI/sr1APCZkX_A7wcAVRyZu0LwinsMr27uQgCLcBGAs/s1600/19.jpg"
"Etrian Odyssey 2 Heroes of Lagaard","https://nswgame.com/etrian-odyssey-2-heroes-of-lagaard-ds-download-free/","https://3.bp.blogspot.com/-XCnby_W61Xo/W-AlETwaGXI/AAAAAAAAWS0/QYNTg0san_E7EJkpiXHRFsJGg2j7IV3aACLcBGAs/s1600/59.jpg"
"Etrian Odyssey 3 The Drowned City","https://nswgame.com/etrian-odyssey-3-the-drowned-city-ds-download-free/","https://4.bp.blogspot.com/-bbqxhNfJcKQ/W-AlBngBW-I/AAAAAAAAWSA/-T5ytzDdTys1r7xo5NfjN3tjpGr0m0h4ACLcBGAs/s1600/47.jpg"
"Etrian Odyssey","https://nswgame.com/etrian-odyssey-ds-download-free/","https://3.bp.blogspot.com/-GWPsbfivH5A/W-AlFHd3NoI/AAAAAAAAWTA/BTkXjvPqh8gmmigRxPvQeqTrMoV-Si0ZQCLcBGAs/s1600/61.jpg"
"FIFA Street 3","https://nswgame.com/fifa-street-3-ds-download-free/","https://2.bp.blogspot.com/-ZTTB6SqUPhc/W-Ak_wC5DyI/AAAAAAAAWRc/bmINrBDsLkczS7q27FQ-PYewyo4gvOTtwCLcBGAs/s1600/38.jpg"
"Final Fantasy 3","https://nswgame.com/final-fantasy-3-ds-download-free/","https://1.bp.blogspot.com/-Cv-lDl62O_s/W-GgIbJF60I/AAAAAAAAWXQ/-6MnSj1OnGYGWJzUcxGM2dS7yYLj9LiKQCLcBGAs/s1600/21.jpg"
"Final Fantasy Crystal Chronicles Echoes of Time","https://nswgame.com/final-fantasy-crystal-chronicles-echoes-of-time-ds-download-free/","https://3.bp.blogspot.com/-606KmXrHBLU/W-K3zjILdII/AAAAAAAAWdg/qDHVBYMaV70a-8k-uL8mruB3mTnIYu4UgCLcBGAs/s1600/13.jpg"
"Final Fantasy Crystal Chronicles Ring of Fates","https://nswgame.com/final-fantasy-crystal-chronicles-ring-of-fates-ds-download-free/","https://2.bp.blogspot.com/-G1MsSotbZXM/W-K3zxg4RSI/AAAAAAAAWdk/Gt-4DEdMhtgVIrTN5NL4zIBfyc3M2a14gCLcBGAs/s1600/14.jpg"
"Final Fantasy IV","https://nswgame.com/final-fantasy-iv-ds-download-free/","https://1.bp.blogspot.com/-ONW9W8LGnMM/W-GgH9BuZNI/AAAAAAAAWXM/FAGsxmaFNOAdmdQiyYwECcZe0xqDluC8QCLcBGAs/s1600/20.jpg"
"Final Fantasy XII Revenant Wings","https://nswgame.com/final-fantasy-xii-revenant-wings-ds-download-free/","https://2.bp.blogspot.com/-PSCxFI_cFPM/W-K30KFMVmI/AAAAAAAAWdo/eGKB3hqvrgg_xGQ7o8gHwROCORMFsyOXgCLcBGAs/s1600/15.jpg"
"Fire Emblem Shadow Dragon","https://nswgame.com/fire-emblem-shadow-dragon-ds-download-free/","https://4.bp.blogspot.com/-SrLNr96kutw/W-AlNKfcvpI/AAAAAAAAWVU/7y9aIJ3CJ0U0nJVZNCmXnU4G4OuvNSgRQCLcBGAs/s1600/95.jpg"
"Fire Emblem Shin Monshou no Nazo Hikari to Kage no Eiyuu","https://nswgame.com/fire-emblem-shin-monshou-no-nazo-hikari-to-kage-no-eiyuu-ds-download-free/","https://3.bp.blogspot.com/-d75kfhoB2Tk/W95tHbJVB5I/AAAAAAAAWIg/AnIjz4XF0lkG6cIDIEtYWfWlkgbxQhnTACLcBGAs/s1600/1.jp"
"From The Abyss","https://nswgame.com/from-the-abyss-ds-download-free/","https://2.bp.blogspot.com/-dhM1zWIrhTo/W-K3zXY6WZI/AAAAAAAAWdc/nBHWxtm5PHgv3vF1oHRzgeKtv8LpQ9oSwCLcBGAs/s1600/12.jpg"
"Ghost Trick Phantom Detective","https://nswgame.com/ghost-trick-phantom-detective-ds-download-free/","https://3.bp.blogspot.com/-MpYGlYiLYKw/W-K4B9VWWcI/AAAAAAAAWgw/4oxC5KMzq2kwibVtHwyNz7_TC_LZXCgFgCLcBGAs/s1600/60.jpg"
"Giana Sisters DS","https://nswgame.com/giana-sisters-ds-download-free/","https://1.bp.blogspot.com/-yQylWbnbi7w/W-Ak_Bz9IsI/AAAAAAAAWRM/lFhfkj91Vwg14THlTVAjq10evvYCs5RIgCLcBGAs/s1600/34.jpg"
"Golden Sun Dark Dawn","https://nswgame.com/golden-sun-dark-dawn-ds-download-free/","https://3.bp.blogspot.com/-b4ceHkEJ-0M/W-K3yvl3oyI/AAAAAAAAWdQ/ZHmdw9DDW9o5PQmuYRB9OTkFDCddep0OACLcBGAs/s1600/11.jpg"
"GoldenEye Rogue Agent","https://nswgame.com/goldeneye-rogue-agent-ds-download-free/","https://3.bp.blogspot.com/--AYGgMnP-TE/W-Ak76aa6uI/AAAAAAAAWQQ/nk_9mfDJrIof5Yf21DAhJ4vgoXuXYojyQCLcBGAs/s1600/20.jpg"
"Guilty Gear Dust Strikers","https://nswgame.com/guilty-gear-dust-strikers-ds-download-free/","https://2.bp.blogspot.com/-ZreWfmVPqwY/W-K3yrQCsXI/AAAAAAAAWdU/fWiQS8DrfM0i1rGK8fMABMdizUSBqiRLgCLcBGAs/s1600/10.jpg"
"Gyakuten Kenji 2","https://nswgame.com/gyakuten-kenji-2-ds-download-free/","https://2.bp.blogspot.com/-8fvXjvGnWWI/W95tHY1CGrI/AAAAAAAAWIc/Z6mY9IoN3DAuZBjzyWf87qf2Bm8e-pMywCLcBGAs/s1600/10.jpg"
"Hajime no Ippo The Fighting DS","https://nswgame.com/hajime-no-ippo-the-fighting-ds-download-free/","https://3.bp.blogspot.com/-Nac-AeEczVs/W95tIezFmqI/AAAAAAAAWIo/rqmmq3CzAGsGFIGprLwnOkUEYtOP7m4hgCLcBGAs/s1600/11.jpg"
"Harvest Moon DS Cute","https://nswgame.com/harvest-moon-ds-cute-ds-download-free/","https://1.bp.blogspot.com/-Mh8UkKDkshs/W-AlMNz95aI/AAAAAAAAWVA/_YPyMA4JZZseHjSY1tEExbBgLxTJFGW1wCLcBGAs/s1600/90.jpg"
"Harvest Moon DS Grand Bazaar","https://nswgame.com/harvest-moon-ds-grand-bazaar-ds-download-free/","https://2.bp.blogspot.com/-1kV-OSnSPtA/W-AlMqCVi9I/AAAAAAAAWVE/W8MhqhQWMqEekZPco6wYhTxZ99HME-djQCLcBGAs/s1600/91.jpg"
"Harvest Moon DS Island of Happiness","https://nswgame.com/harvest-moon-ds-island-of-happiness-ds-download-free/","https://3.bp.blogspot.com/--sHZid-gU7k/W-AlMh-0hII/AAAAAAAAWVI/sOUuIESA9vcHNTgpI-P55kMoEERXxnYgQCLcBGAs/s1600/92.jpg"
"Harvest Moon DS Sunshine Islands","https://nswgame.com/harvest-moon-ds-sunshine-islands-ds-download-free/","https://3.bp.blogspot.com/-5W08EHL97Do/W-AlMoPNJ1I/AAAAAAAAWVM/1Uix3hy-KModdFWE2t8zWQkGEKGTlJ0yACLcBGAs/s1600/93.jpg"
"Harvest Moon DS","https://nswgame.com/harvest-moon-ds-download-free/","https://3.bp.blogspot.com/-AqUv1th8neM/W-AlLghxV5I/AAAAAAAAWU0/eHkkSURVVKYM2MSkTRck2JaAvgwGTSOiQCLcBGAs/s1600/89.jpg"
"Harvest Moon Frantic Farming","https://nswgame.com/harvest-moon-frantic-farming-ds-download-free/","https://3.bp.blogspot.com/-MPiDc3KIxDI/W-AlNIUrXtI/AAAAAAAAWVQ/3x7oLJNKZK0JqnYD5GYDtxWVCh6Jss04ACLcBGAs/s1600/94.jpg"
"Hello Kitty Big City Dreams","https://nswgame.com/hello-kitty-big-city-dreams-ds-download-free/","https://3.bp.blogspot.com/-cM-rYkx15vo/W-AlHuUnhyI/AAAAAAAAWTw/E6e1Pe-TnPkvR9096BN4c_pUeNmSgI1YwCLcBGAs/s1600/72.jpg"
"Hello Kitty Birthday Adventures","https://nswgame.com/hello-kitty-birthday-adventures-ds-download-free/","https://3.bp.blogspot.com/-IHKeuR1VCyM/W-AlHXn4l8I/AAAAAAAAWTs/_JkjZlnv3zc3aajfKB24tqmENRpaw3y9wCLcBGAs/s1600/71.jpg"
"Heroes of Mana","https://nswgame.com/heroes-of-mana-ds-download-free/","https://4.bp.blogspot.com/-kfDT5A5Qh_g/W-K4DuZ6NFI/AAAAAAAAWhQ/U-ybFsLNbHwwklH_aeFuiB5Cekwh2pu6ACLcBGAs/s1600/9.jpg"
"Hotel Dusk Room 215","https://nswgame.com/hotel-dusk-room-215-ds-download-free/","https://4.bp.blogspot.com/-RUEyuDeAxvQ/W-K4Bf8Qr2I/AAAAAAAAWgo/Ve719s58xy079Po0HGUXLZiDhYtArkxVACLcBGAs/s1600/59.jpg"
"How To Train Your Dragon","https://nswgame.com/how-to-train-your-dragon-ds-download-free/","https://1.bp.blogspot.com/-I0rg6sWpAgU/W-K4DTee1OI/AAAAAAAAWhM/RzohRPF4dFwRKxpxMc2GBLTxTmoIlV_MQCLcBGAs/s1600/8.jpg"
"Inazuma Eleven 2 Blizzard","https://nswgame.com/inazuma-eleven-2-blizzard-ds-download-free/","https://2.bp.blogspot.com/-5NxmB7XvUX4/W-AlIiG_w0I/AAAAAAAAWUA/ZtnIoTegiC4L6_27fOzHilYP_WXlXQU_ACLcBGAs/s1600/76.jpg"
"Inazuma Eleven 2 Firestorm","https://nswgame.com/inazuma-eleven-2-firestorm-ds-download-free/","https://4.bp.blogspot.com/-BZcRJz5JLGE/W-AlIvWc6aI/AAAAAAAAWT8/Ip6jEHEaF3QuDcDir9RRf6IaKGaclDc3ACLcBGAs/s1600/75.jpg"
"Inazuma Eleven Remastered","https://nswgame.com/inazuma-eleven-remastered-ds-download-free/","https://3.bp.blogspot.com/-YLFQv1dTDO0/W95tUyxP3wI/AAAAAAAAWLg/YhRHfx_si6khLBkqwjAIkd1oQg6HbgJ_QCLcBGAs/s1600/52.jpg"
"Inazuma Eleven","https://nswgame.com/inazuma-eleven-ds-download-free/","https://4.bp.blogspot.com/-VeI3vjqv4Gk/W-AlI0Hz2NI/AAAAAAAAWUE/CD4iQjrYBT8sDf_jG5bXFx7_LiW1Cb2wACLcBGAs/s1600/77.jpg"
"Infinite Space","https://nswgame.com/infinite-space-ds-download-free/","https://3.bp.blogspot.com/-fLPk17rckZM/W-AlJ06JboI/AAAAAAAAWUY/RcTcQi1SUm43olR2XA0x_W8uNfym6Cf4wCLcBGAs/s1600/81.jpg"
"Iron Man","https://nswgame.com/iron-man-ds-download-free/","https://1.bp.blogspot.com/-3yapIeAj1_A/W-K4DKhwpdI/AAAAAAAAWhI/b9HmUpt7EIEOcERXvmnbo4wa4X67hkwKwCLcBGAs/s1600/7.jpg"
"Izuna 2 The Unemployed Ninja Returns","https://nswgame.com/izuna-2-the-unemployed-ninja-returns-ds-download-free/","https://4.bp.blogspot.com/-UsrggsbHkps/W-K3-2qTA3I/AAAAAAAAWgA/F26FTxjzHwodTJya2glAvOfOUC3ZNNXpQCLcBGAs/s1600/5.jpg"
"Izuna Legend of The Unemployed Ninja","https://nswgame.com/izuna-legend-of-the-unemployed-ninja-ds-download-free/","https://3.bp.blogspot.com/-NqKMqHFu36s/W-K4BRViUqI/AAAAAAAAWgs/yfuNvlQ0cxs2T-T9734jdnxWFrkMvakqwCLcBGAs/s1600/6.jpg"
"Jump Ultimate Stars [English Patch]","https://nswgame.com/jump-ultimate-stars-ds-download-free/","https://3.bp.blogspot.com/-jIbbsTM4htU/W95tIsDePqI/AAAAAAAAWIs/rqOO1D7Cw-UjlenCutwv2KIFMBqqdSs0wCLcBGAs/s1600/12.jpg"
"Jump Ultimate Stars","https://nswgame.com/jump-ultimate-stars-ds-download-free-2/","https://1.bp.blogspot.com/-YXboYqt5T_c/W-K4BBRWl2I/AAAAAAAAWgk/u2KvDMgOWBEfOQj8FdOADPcr60PjBUabACLcBGAs/s1600/58.jpg"
"Kamen Rider Dragon Knight","https://nswgame.com/kamen-rider-dragon-knight-ds-download-free/","https://4.bp.blogspot.com/-gQAPZkDrM88/W-K38ckxi7I/AAAAAAAAWfU/GedIeyCWrxYGaOX-hrX_aW451VSaJPSGgCLcBGAs/s1600/4.jpg"
"Kingdom Hearts 358/2 Days","https://nswgame.com/kingdom-hearts-358-2-days-ds-download-free-2/","https://2.bp.blogspot.com/-LLXqlaCd2po/W-K34z-Hk8I/AAAAAAAAWeo/bv_-SnvSDg0fjsvlPSX2bXyxGrhcrv9AgCLcBGAs/s1600/3.jpg"
"Kingdom Hearts 358/2 Days","https://nswgame.com/kingdom-hearts-358-2-days-ds-download-free/","https://2.bp.blogspot.com/-BEm2aip3F_Q/W95tUilPOUI/AAAAAAAAWLY/WUlQ8_eO6PoD6oUlc4V_QgZ8ewHISnETQCLcBGAs/s1600/51.jpg"
"Kingdom Hearts Recoded","https://nswgame.com/kingdom-hearts-recoded-ds-download-free-2/","https://2.bp.blogspot.com/-5d4ZvhAyJe8/W-K32ISGMFI/AAAAAAAAWd8/KpeR8Z7XY8E52U0F0Uj5vpFlSlk3kiPkgCLcBGAs/s1600/2.jpg"
"Kingdom Hearts ReCoded","https://nswgame.com/kingdom-hearts-recoded-ds-download-free/","https://2.bp.blogspot.com/-GZHRGuhPtzA/W95tULn5ASI/AAAAAAAAWLU/TWUugJk3PgArBG4ZuLVwNaH2VSwcsv-9ACLcBGAs/s1600/50.jpg"
"Kira Kira Pop Princess","https://nswgame.com/kira-kira-pop-princess-ds-download-free/","https://3.bp.blogspot.com/-eM7X9FXraqk/W95tT8_R9II/AAAAAAAAWLM/4G61ztVJozUCw5ejbY9N9o8xLFZIsGpngCLcBGAs/s1600/49.jpg"
"Kirby Canvas Curse","https://nswgame.com/kirby-canvas-curse-ds-download-free/","https://1.bp.blogspot.com/-yZ0VWIEtU-Y/W-K3y4pc9jI/AAAAAAAAWdY/4_XTZOI_vmEf69DqSJL689h37IgqLMdVQCLcBGAs/s1600/1.jpg"
"Knights in The Nightmare","https://nswgame.com/knights-in-the-nightmare-ds-download-free/","https://4.bp.blogspot.com/-ES5yjsIsBrc/W-GgEWUyZdI/AAAAAAAAWWg/waSu6K254GA4j7DOKYunzTh_7TeDIsuMACLcBGAs/s1600/100.jpg"
"Last Window The Secret of Cape West","https://nswgame.com/last-window-the-secret-of-cape-west-ds-download-free/","https://1.bp.blogspot.com/-KdPa6PI1x3U/W-AlJMcQSoI/AAAAAAAAWUM/lwVMXYwkh_YgMHj1PWobFO4fKuIco44NQCLcBGAs/s1600/79.jpg"
"Legend of Kay","https://nswgame.com/legend-of-kay-ds-download-free/","https://4.bp.blogspot.com/-26060Gn89tw/W-GgjB660DI/AAAAAAAAWck/VjbDQBaHK1QAl8sIAZAAq6ONla4rcb61ACLcBGAs/s1600/99.jpg"
"LEGO Batman The Videogame","https://nswgame.com/lego-batman-the-videogame-ds-download-free/","https://4.bp.blogspot.com/-plEaEyF-Txg/W-Ggiq6HmgI/AAAAAAAAWcg/51uUF-6N0-46BiDAMhtyoyjrMyjHVHM9wCLcBGAs/s1600/98.jpg"
"LEGO Battles Ninjago","https://nswgame.com/lego-battles-ninjago-ds-download-free/","https://2.bp.blogspot.com/-vQ3QTewiEuc/W-GgiQoYfrI/AAAAAAAAWcc/QxZ5Kazo3RQnA1bO083EKLTfmlz7UiTggCLcBGAs/s1600/97.jpg"
"LEGO Star Wars 2 The Original Trilogy","https://nswgame.com/lego-star-wars-2-the-original-trilogy-ds-download-free/","https://1.bp.blogspot.com/-4KwPDEIWggo/W95tgwjhr7I/AAAAAAAAWOU/fgROMTaXYNo2yuCetpGAt8hAD2Mns9nSwCLcBGAs/s1600/94.jpg"
"LEGO Star Wars 3 The Clone Wars","https://nswgame.com/lego-star-wars-3-the-clone-wars/","https://2.bp.blogspot.com/-VBGhwHq7p1M/W95tcInqDoI/AAAAAAAAWNE/oHW2UvJt-NADPEyd7U75QcmiDRziG9tIACLcBGAs/s1600/77.jpg"
"LEGO Star Wars The Complete Saga","https://nswgame.com/lego-star-wars-the-complete-saga-ds-download-free/","https://3.bp.blogspot.com/-T3F0YXCQ8HU/W-GgiJ5mOMI/AAAAAAAAWcY/qkAcr4019PUWrXqZDT_1_fZzfXtPm5qPgCLcBGAs/s1600/96.jpg"
"LEGO The Lord of The Rings","https://nswgame.com/lego-the-lord-of-the-rings-ds-download-free/","https://3.bp.blogspot.com/-Hkg4VIcM5Ag/W-Ggh9dAiVI/AAAAAAAAWcU/85kM8BiPPOAJESS6D0PVMf7LLkmqxzmbwCLcBGAs/s1600/95.jpg"
"Little Red Riding Hoods Zombie BBQ","https://nswgame.com/little-red-riding-hoods-zombie-bbq-ds-download-free/","https://2.bp.blogspot.com/-oj4Fx02O1eg/W-GghsF4BMI/AAAAAAAAWcM/CkWI3zhx8hIg8gyibdRUCoQetxlPVvWCQCLcBGAs/s1600/94.jpg"
"Lost in Blue 2","https://nswgame.com/lost-in-blue-2-ds-download-free/","https://4.bp.blogspot.com/-TKDfi1ROP4A/W-AlF9iHlCI/AAAAAAAAWTU/D7xDjay1WhgcsTJj5ZN3p57IMmQ_GQ1KQCLcBGAs/s1600/66.jpg"
"Lost in Blue 3","https://nswgame.com/lost-in-blue-3-ds-download-free/","https://2.bp.blogspot.com/-qpRwHfqkIc8/W-AlF0Ieq9I/AAAAAAAAWTQ/xpfckRsnG0c8VEzSMSTCQgmp8hWOD1MegCLcBGAs/s1600/65.jpg"
"Lost in Blue","https://nswgame.com/lost-in-blue-ds-download-free/","https://1.bp.blogspot.com/-2MRZHKyDfvo/W-AlGpjY8YI/AAAAAAAAWTY/LWSHmdr0KlcPMHFiotALyExOzvwxBPbOgCLcBGAs/s1600/67.jpg"
"Lost Magic","https://nswgame.com/lost-magic-ds-download-free/","https://3.bp.blogspot.com/-VN-A0XHFUPI/W-Gghq9CtGI/AAAAAAAAWcQ/01NekiNHkl8_tbQmi4lBSCDk9rlfpgVFwCLcBGAs/s1600/93.jpg"
"Love Plus","https://nswgame.com/love-plus-ds-download-free/","https://4.bp.blogspot.com/-BSh34660SB4/W95tI-D6yxI/AAAAAAAAWI0/Th3OLN7Q9o0MMa2_txextmwYEQZ92Q58wCLcBGAs/s1600/13.jpg"
"Lufia Curse of The Sinistrals","https://nswgame.com/lufia-curse-of-the-sinistrals-ds-download-free/","https://3.bp.blogspot.com/-kQALthsqK5I/W-GggybFzfI/AAAAAAAAWcE/ROd-3OSwA6QCy4uqwYfv-ByXOgZigosUwCLcBGAs/s1600/92.jpg"
"Luminous Arc 2","https://nswgame.com/luminous-arc-2-ds-download-free/","https://3.bp.blogspot.com/-jwcooPpaF-c/W-GghAdjy3I/AAAAAAAAWcI/HvAK5EBFEX4V4vl9_sTihxyKbiBfGPoXwCLcBGAs/s1600/91.jpg"
"Lunar Dragon Song","https://nswgame.com/lunar-dragon-song-ds-download-free/","https://4.bp.blogspot.com/-TeIqLFnaNLU/W-GgfiqNzAI/AAAAAAAAWb4/URnpFF67hoUYA2Bt-yIPXagIBuuKGnckACLcBGAs/s1600/89.jpg"
"Lunar Knights","https://nswgame.com/lunar-knights-ds-download-free-2/","https://1.bp.blogspot.com/-jC9VjmlWKXQ/W-Gggv_ysqI/AAAAAAAAWcA/dT2Y4bD0CjgwWoDhBhPfgKJl7e3zhKRhACLcBGAs/s1600/90.jpg"
"Lunar Knights","https://nswgame.com/lunar-knights-ds-download-free/","https://4.bp.blogspot.com/-uGN_9-m1o3U/W95tTR2QrCI/AAAAAAAAWLI/DtpcFsQ31_4DkIfNQ52P6ySuQxDXipiOACLcBGAs/s1600/48.jpg"
"Lux Pain","https://nswgame.com/lux-pain-ds-download-free/","https://1.bp.blogspot.com/-fIhF4_o83qM/W95tS9mJCSI/AAAAAAAAWLE/IuxM9JTriBkYw03PC1Kx7hjUkxRr5qP1ACLcBGAs/s1600/47.jpg"
"Mage Knight Destinys Soldier","https://nswgame.com/mage-knight-destinys-soldier-ds-download-free/","https://2.bp.blogspot.com/-xMvpO8ymixU/W-Ggflk6xiI/AAAAAAAAWb0/jgg7jZ77280SttMq6BmUoVVQoD4ZXzHtwCLcBGAs/s1600/88.jpg"
"Magical Starsign","https://nswgame.com/magical-starsign-ds-download-free/","https://1.bp.blogspot.com/-OK2KlKUeYJc/W-Ggfv4AoUI/AAAAAAAAWbw/5cD7qNfivG0WKrZNOcq-OLEt7UpII1rPQCLcBGAs/s1600/87.jpg"
"Major League Baseball 2K10","https://nswgame.com/major-league-baseball-2k10/","https://3.bp.blogspot.com/-Di2BroUyQJs/W-Ak7jSDYRI/AAAAAAAAWQM/mMyiUQuBSpIbZT6-waWZ-P12zbRAXp3PQCLcBGAs/s1600/2.jpg"
"Major League Baseball 2K11","https://nswgame.com/major-league-baseball-2k11-ds-download-free/","https://2.bp.blogspot.com/-Tpd9n8dt0qo/W95tHYc6tQI/AAAAAAAAWIk/PXFVWY8FzRA4rl352LWF5mUist7_1auUACLcBGAs/s1600/100.jpg"
"Major League Baseball 2K7","https://nswgame.com/major-league-baseball-2k7-ds-download-free/","https://1.bp.blogspot.com/-PyqMBomb9qE/W-Ak6s3Fo_I/AAAAAAAAWP0/SucCxTQu8WwiQJWGL-hhwXDfiL3M8z1mwCLcBGAs/s1600/14.jpg"
"Major League Baseball 2K8 Fantasy All Stars","https://nswgame.com/major-league-baseball-2k8-fantasy-all-stars-ds-download-free/","https://2.bp.blogspot.com/-8gebOhJWcyQ/W-AlLsiGFeI/AAAAAAAAWU8/RbexeGUYprY-VbkAzdK-MhX_R_huH3ItwCLcBGAs/s1600/9.jpg"
"Major League Baseball 2K9 Fantasy All Stars","https://nswgame.com/major-league-baseball-2k9-fantasy-all-stars-ds-download-free/","https://4.bp.blogspot.com/-Dy2N4BO_5Og/W-AlCSomoAI/AAAAAAAAWSQ/r8hHN4rr0Nwg2hWiZEyHBVZFkMbqxCV-ACLcBGAs/s1600/5.jpg"
"Mario & Luigi Bowsers Inside Story","https://nswgame.com/mario-luigi-bowsers-inside-story-ds-download-free/","https://3.bp.blogspot.com/-RZgn4TDhlgs/W-GgfCbEJHI/AAAAAAAAWbs/Gusf_8SjFOM2mjvxvgQHvF5P0E3U_7ESQCLcBGAs/s1600/86.jpg"
"Mario & Luigi Partners in Time","https://nswgame.com/mario-luigi-partners-in-time-ds-download-free/","https://4.bp.blogspot.com/-k1kRyHfWU_Y/W-GgfKrEf7I/AAAAAAAAWbo/H5pAqFC1KSwa3FwJPPR5EX1zIJjPJQ-gwCLcBGAs/s1600/85.jpg"
"Mario & Sonic at the Olympic Winter Games","https://nswgame.com/mario-sonic-at-the-olympic-winter-games/","https://2.bp.blogspot.com/-yjrexoa7hfU/W-Ak9rbiuHI/AAAAAAAAWQ4/ubSLT8zALuUaj_eB5u5X9fU0TAP3ySoHACLcBGAs/s1600/3.jpg"
"Mario Hoops 3 on 3","https://nswgame.com/mario-hoops-3-on-3-ds-download-free/","https://3.bp.blogspot.com/-UIN8FWXIsLI/W-Ak61-YntI/AAAAAAAAWP8/mS-uVZSbCeIeLlcxvz-ISxKhuzELD9poACLcBGAs/s1600/16.jpg"
"Mario Kart DS","https://nswgame.com/mario-kart-ds-download-free/","https://1.bp.blogspot.com/-n7DkpjctspM/W-Gge0vZtgI/AAAAAAAAWbk/Y2D9x_7EEVofN7dXkNV4WLF8k4qQfSCewCLcBGAs/s1600/84.jpg"
"Mario Party DS","https://nswgame.com/mario-party-ds-download-free/","https://1.bp.blogspot.com/-TmeLkTlZbuk/W-AlLtT841I/AAAAAAAAWU4/Mt-Z1UU9kxs4UtwngBO8XO325olSqf9QgCLcBGAs/s1600/88.jpg"
"Mario vs Donkey Kong 2 March of The Minis","https://nswgame.com/mario-vs-donkey-kong-2-march-of-the-minis-ds-download-free/","https://2.bp.blogspot.com/-gNUs-yIIiMU/W-GgePfFAWI/AAAAAAAAWbg/fD6-XqLQHfM1PU-D7os3fAdSeENEzOgrwCLcBGAs/s1600/83.jpg"
"Mario vs Donkey Kong Mini Land Mayhem","https://nswgame.com/mario-vs-donkey-kong-mini-land-mayhem-ds-download-free/","https://2.bp.blogspot.com/-tVYoh2G6moE/W-Ak848QrxI/AAAAAAAAWQk/cmTnBjh3W8g848fOaNQbrdaFw8D4HHv1QCLcBGAs/s1600/25.jpg"
"Marvel Super Hero Squad","https://nswgame.com/marvel-super-hero-squad-ds-download-free/","https://3.bp.blogspot.com/-JFbXzCiLk9U/W-GgeGdFBbI/AAAAAAAAWbc/VM_h-_PYbrA6ZStQPmAgz42SoZuaUZqswCLcBGAs/s1600/82.jpg"
"Mega Man Star Force 2 Zerker x Ninja","https://nswgame.com/mega-man-star-force-2-zerker-x-ninja-ds-download-free/","https://3.bp.blogspot.com/-dRdJdt7Cds0/W-AlEGyu_tI/AAAAAAAAWSs/mw8mI47KwowkKPxY5QtlhzXdsb0NNnU1wCLcBGAs/s1600/57.jpg"
"Mega Man Star Force 2 Zerker x Saurian","https://nswgame.com/mega-man-star-force-2-zerker-x-saurian-ds-download-free/","https://4.bp.blogspot.com/-6fTbcvIjIr4/W-AlEXZOJ1I/AAAAAAAAWSw/BMff_hXtxFYqIyqygVWQ19XLq5Eg_gfhwCLcBGAs/s1600/58.jpg"
"Mega Man Star Force 3 Black Ace","https://nswgame.com/mega-man-star-force-3-black-ace-ds-download-free/","https://2.bp.blogspot.com/-aThSou09das/W-GgdsogGDI/AAAAAAAAWbY/XaxxNaBmmi4_dL615CN9W64dPy28nimHQCLcBGAs/s1600/81.jpg"
"Mega Man Star Force 3 Red Joker","https://nswgame.com/mega-man-star-force-3-red-joker-ds-download-free/","https://2.bp.blogspot.com/-1c4AU9wIPSw/W-GgdddwpAI/AAAAAAAAWbQ/jBYKDfJl_NwW1e8Oh-qLhs6aiPPFiA6rQCLcBGAs/s1600/80.jpg"
"Mega Man Star Force Dragon","https://nswgame.com/mega-man-star-force-dragon-ds-download-free/","https://3.bp.blogspot.com/-3iLqjQ0pOAs/W-GgdB9IfUI/AAAAAAAAWbM/9l7lxA25s0YL-hh_vmwB8lO8wjYoEd7uQCLcBGAs/s1600/79.jpg"
"Mega Man Star Force Leo","https://nswgame.com/mega-man-star-force-leo-ds-download-free/","https://1.bp.blogspot.com/-ms3mISiIrNo/W-GgcV7_3AI/AAAAAAAAWbE/D-ndrD8UarwLgkcD-Oz9I6azpKOEO6cwgCLcBGAs/s1600/78.jpg"
"Mega Man Star Force Pegasus","https://nswgame.com/mega-man-star-force-pegasus-ds-download-free/","https://2.bp.blogspot.com/-ZS99D1EUiy0/W-Ggcdf2zSI/AAAAAAAAWbI/2S_ZiKA6UJoSXZCX9QYEb-l9j7uyLw5FQCLcBGAs/s1600/77.jpg"
"Mega Man Zero Collection","https://nswgame.com/mega-man-zero-collection-ds-download-free/","https://4.bp.blogspot.com/-ms9V6Of0_Zw/W-K4CsURSaI/AAAAAAAAWhA/_pf17EGk7qc7o2VdnfCgz34nsKkNihGUACLcBGAs/s1600/64.jpg"
"Mega Man ZX Advent","https://nswgame.com/mega-man-zx-advent-ds-download-free/","https://3.bp.blogspot.com/-zHs9LT7s768/W-GgIn3nj5I/AAAAAAAAWXU/Y0UzXY6a_WAw8fYzGxCvRsBaUepQKP59ACLcBGAs/s1600/22.jpg"
"Mega Man ZX","https://nswgame.com/mega-man-zx-ds-download-free/","https://2.bp.blogspot.com/-BBv-BaxKi0I/W-GgI6mdBuI/AAAAAAAAWXY/RunDAV88JeoYfW54bCIYhrV1FCGKyic6QCLcBGAs/s1600/23.jpg"
"Megaman Star Force 3 Black Ace","https://nswgame.com/megaman-star-force-3-black-ace-ds-download-free/","https://1.bp.blogspot.com/-h8a3_V8mug4/W95tSbqwOYI/AAAAAAAAWLA/0AYc_FSTq6AryjANBejeTL4VEOfoKKwxACLcBGAs/s1600/46.jpg"
"Megaman Star Force 3 Red Joker","https://nswgame.com/megaman-star-force-3-red-joker-ds-download-free/","https://3.bp.blogspot.com/-2TTjBeyozDU/W95tRtBALnI/AAAAAAAAWK8/UFUWgqHmoCwZ_qh0oAjaYmzC0AZMYiRmwCLcBGAs/s1600/45.jpg"
"Meitantei Conan & Kindaichi Shounen no Jikenbou Meguri au Futari no Meitantei","https://nswgame.com/meitantei-conan-kindaichi-shounen-no-jikenbou-meguri-au-futari-no-meitantei-ds-download-free/","https://4.bp.blogspot.com/-d4Km3qeuH6A/W95tI11vO3I/AAAAAAAAWIw/I_zxOjMo2jEcyOYUp9omNkNYIThU5gGXQCLcBGAs/s1600/14.jpg"
"Metal Slug 7","https://nswgame.com/metal-slug-7-ds-download-free/","https://3.bp.blogspot.com/-bjHKgto3ySM/W-GgZ-B_agI/AAAAAAAAWak/6OF5CRvRV78fNof4Zmxly-jon1S0ofLzACLcBGAs/s1600/7.jpg"
"Meteos Disney Magic","https://nswgame.com/meteos-disney-magic-ds-download-free/","https://4.bp.blogspot.com/-kFQunUzYDNE/W95tgZOHCCI/AAAAAAAAWOM/10v82r4jNpkqzjzl_zz5_YGBxhs-qcLwgCLcBGAs/s1600/92.jpg"
"Might & Magic Clash of Heroes","https://nswgame.com/might-magic-clash-of-heroes-ds-download-free/","https://4.bp.blogspot.com/-_dHecyNSGLY/W-AlCuTwF4I/AAAAAAAAWSU/Y6j0DDfq2XsaYh6izY14nF7p_UIxfp9MQCLcBGAs/s1600/51.jpg"
"Mini Ninjas","https://nswgame.com/mini-ninjas-ds-download-free/","https://1.bp.blogspot.com/--DVkfxW58UQ/W-GgcAk-FNI/AAAAAAAAWbA/6Ikqqus_geYqlyhnqF0ms7o7mTMJQL4eQCLcBGAs/s1600/76.jpg"
"MLB Power Pros 2008","https://nswgame.com/mlb-power-pros-2008-ds-download-free/","https://3.bp.blogspot.com/-2xLEy7VHKb0/W-AlJWvSehI/AAAAAAAAWUQ/kv9pXks-CSsXVpYgjd5otkUt-YH-AINKQCLcBGAs/s1600/8.jpg"
"My Japanese Coach Learn to Speak Japanese","https://nswgame.com/my-japanese-coach-learn-to-speak-japanese-ds-download-free/","https://2.bp.blogspot.com/-2F1YZS5tapw/W-Ak_Q_KWHI/AAAAAAAAWRQ/aTkQkhf5wNcwpjyYSY3na9h80oBEvkHCQCLcBGAs/s1600/35.jpg"
"My Pet Shop","https://nswgame.com/my-pet-shop-ds-download-free/","https://3.bp.blogspot.com/-LnH4zDfk_Vk/W-AlHdSqoUI/AAAAAAAAWTo/vsnnvPQ5JeQpgXidGiZywOoxgQI0kTw8wCLcBGAs/s1600/70.jpg"
"MySims Agents","https://nswgame.com/mysims-agents-ds-download-free/","https://1.bp.blogspot.com/-NV3F7fr9W5M/W-AlCWcyA9I/AAAAAAAAWSM/uHvex9mukFAkQWIw8nnbYonayJnNaFPOACLcBGAs/s1600/50.jpg"
"MySims Kingdom","https://nswgame.com/mysims-kingdom-ds-download-free/","https://3.bp.blogspot.com/-FWDLWUk2DZU/W-AlDzDMbVI/AAAAAAAAWSo/aKn0lF6BdMgQIov7n2QE9MxSPv7teCrDwCLcBGAs/s1600/56.jpg"
"MySims Party","https://nswgame.com/mysims-party-ds-download-free/","https://1.bp.blogspot.com/-a_Ps_jo3qQI/W-AlDVU6HdI/AAAAAAAAWSg/U_2_1Juom14RoLG7X_ku-iSGwD0f3DMqwCLcBGAs/s1600/54.jpg"
"MySims Racing","https://nswgame.com/mysims-racing-ds-download-free/","https://1.bp.blogspot.com/-CBTymnn-oTg/W-AlDDyiFbI/AAAAAAAAWSc/oqZCAGpbPxQRGGsgLTs-odoT8PtxAJOeACLcBGAs/s1600/53.jpg"
"MySims SkyHeroes","https://nswgame.com/mysims-skyheroes-ds-download-free/","https://2.bp.blogspot.com/-JLNJbSCOj8c/W-AlBSCBDJI/AAAAAAAAWR4/ug4XUy2HYBMab4188NHw9pwZsC_ZjrNgACLcBGAs/s1600/45.jpg"
"MySims","https://nswgame.com/mysims-ds-download-free/","https://2.bp.blogspot.com/-YzG6PJgoM74/W-AlE8KV67I/AAAAAAAAWS8/_qX3CWU74vQSqNnSzpqIG6Xy5K2JqRNZQCLcBGAs/s1600/60.jpg"
"Mystery Detective 2","https://nswgame.com/mystery-detective-2-ds-download-free/","https://2.bp.blogspot.com/--khECQ6Ss0I/W95tWOkFVyI/AAAAAAAAWL0/HtxMtdsUPRMrWoTdQwTeTkNP9k42LAjsgCLcBGAs/s1600/59.jpg"
"Mystery Detective","https://nswgame.com/mystery-detective-ds-download-free/","https://3.bp.blogspot.com/-_DunHuSn2Xc/W-AlG-oUL3I/AAAAAAAAWTg/-qn3dLrih7IYjR8SADCZG5neflGTEZE7ACLcBGAs/s1600/69.jpg"
"Nanashi no Geemu Me","https://nswgame.com/nanashi-no-geemu-me-ds-download-free/","https://1.bp.blogspot.com/-QTJmKbtRRg0/W95tJr3FuuI/AAAAAAAAWJA/1kMdMjqGVMYLoNEgswzAXZ0k1MjenOxkgCLcBGAs/s1600/16.jpg"
"Nanashi no Geemu","https://nswgame.com/nanashi-no-geemu-ds-download-free/","https://3.bp.blogspot.com/-gKNt8PrMq90/W95tJUKr6RI/AAAAAAAAWI4/RKveY0JoKTEeeT1qFrNb5GR1q5hp6UfAgCLcBGAs/s1600/15.jpg"
"Naruto Path of The Ninja 2","https://nswgame.com/naruto-path-of-the-ninja-2-ds-download-free/","https://3.bp.blogspot.com/-SckBRvfvcG4/W-GgagtaKvI/AAAAAAAAWas/9mWRAlUn2Rcga8Og9MHL0x93PFsbpHfTQCLcBGAs/s1600/71.jpg"
"Naruto Shippuden Naruto vs Sasuke","https://nswgame.com/naruto-shippuden-naruto-vs-sasuke-ds-download-free/","https://1.bp.blogspot.com/-ybn6Vzsw9zM/W-GgbYUYFnI/AAAAAAAAWa8/FZCFLqNJWJEMJ2Coap15tr0zQFcS8-8GQCLcBGAs/s1600/75.jpg"
"Naruto Shippuden Ninja Council 4","https://nswgame.com/naruto-shippuden-ninja-council-4-ds-download-free/","https://4.bp.blogspot.com/-J1RdawKhDug/W-GgbTzeciI/AAAAAAAAWa4/yO5ByWwklt4Z4NNA2tFaAnVW1uWtovtmwCLcBGAs/s1600/74.jpg"
"Naruto Shippuden Ninja Destiny 2","https://nswgame.com/naruto-shippuden-ninja-destiny-2-ds-download-free/","https://4.bp.blogspot.com/-yp-gPv0rwOg/W-GgbGuV8GI/AAAAAAAAWa0/eq9OaU_bPVAAkBsW08GDZ7ZtosnJGPAmACLcBGAs/s1600/73.jpg"
"Naruto Shippuden Ninja Destiny 3","https://nswgame.com/naruto-shippuden-ninja-destiny-3-ds-download-free/","https://1.bp.blogspot.com/-OkOsgGqY4N0/W-K4CXwHvFI/AAAAAAAAWg4/Ot79cVFtyd0lbJDMMQOdj2LWXJXOmrCQwCLcBGAs/s1600/62.jpg"
"Naruto Shippuden Shinobi Rumble","https://nswgame.com/naruto-shippuden-shinobi-rumble-ds-download-free/","https://3.bp.blogspot.com/-t0XLG9U4v90/W-Gga93z6wI/AAAAAAAAWaw/P4giYScNiN4j8CnpE7QBSm_Dx9q4zYy2ACLcBGAs/s1600/72.jpg"
"New Super Mario Bros","https://nswgame.com/new-super-mario-bros-ds-download-free/","https://4.bp.blogspot.com/-SQS073tDxYs/W-Ggac808II/AAAAAAAAWao/9k6dP7LXccE3Q4BGbeDVZzlz0ntw85OuwCLcBGAs/s1600/70.jpg"
"Nickelodeon Nicktoons MLB","https://nswgame.com/nickelodeon-nicktoons-mlb-ds-download-free/","https://2.bp.blogspot.com/-jV33Fb7_Oo0/W-Ak8G9AbKI/AAAAAAAAWQU/_bLNDV5pxHQrcmLHpFUidywVjLgLYy2DgCLcBGAs/s1600/21.jpg"
"Nine Hours Nine Persons Nine Doors","https://nswgame.com/nine-hours-nine-persons-nine-doors-ds-download-free/","https://1.bp.blogspot.com/-Rsb5gVfySw0/W-GgJR4AC-I/AAAAAAAAWXc/FGOJerg_IWI1qJIiyywuHal89Fbct2fQACLcBGAs/s1600/24.jpg"
"Ninja Gaiden Dragon Sword","https://nswgame.com/ninja-gaiden-dragon-sword-ds-download-free/","https://4.bp.blogspot.com/-2pf_lE1_lRc/W-GgZcxaIRI/AAAAAAAAWag/U7k1r1IN2xAhqgfZwbwUxfRaRds-Kdu9wCLcBGAs/s1600/69.jpg"
"Nintendogs Best Friends Version","https://nswgame.com/nintendogs-best-friends-version-ds-download-free/","https://4.bp.blogspot.com/-O1SaC-QrbOE/W95tgxfKhTI/AAAAAAAAWOY/E6evnFE2f2gzRq3EEW9GeBRzmPfstb5HQCLcBGAs/s1600/95.jpg"
"Nintendogs Chihuahua & Friends","https://nswgame.com/nintendogs-chihuahua-friends-ds-download-free/","https://2.bp.blogspot.com/-U-SHSBIJ40c/W95thi5EzII/AAAAAAAAWOg/S8tp2mRPp8YB8B7QQ4IBKfoEiotKzAU5wCLcBGAs/s1600/97.jpg"
"Nintendogs Dachshund & Friends","https://nswgame.com/nintendogs-dachshund-friends-ds-download-free/","https://1.bp.blogspot.com/-E5g8nW3SB-Q/W95tiOQsvgI/AAAAAAAAWOk/aLCQBba5POwGEfYhlfnZXlNcBuXzaiLowCLcBGAs/s1600/98.jpg"
"Nintendogs Dalmatian & Friends","https://nswgame.com/nintendogs-dalmatian-friends-ds-download-free/","https://1.bp.blogspot.com/-pCbBTymbXgY/W95thJD7HVI/AAAAAAAAWOc/QNjSOC3LGNY38lzxF_VtiJuoShdW3S1WQCLcBGAs/s1600/96.jpg"
"Nintendogs Lab & Friends","https://nswgame.com/nintendogs-lab-friends-ds-download-free/","https://4.bp.blogspot.com/-4WsJwfB5BOc/W95ti8qksSI/AAAAAAAAWOo/BUoKuc3gKXwNCE1sQdNWr4UCqFnuqGlbACLcBGAs/s1600/99.jpg"
"Okamiden","https://nswgame.com/okamiden-ds-download-free/","https://4.bp.blogspot.com/-FivXyDxDaTE/W-K4CUZYpxI/AAAAAAAAWg8/dHlqaccfI4gWi8C-at49Z0m6eGIaR_zIgCLcBGAs/s1600/63.jpg"
"One Piece Gear Spirit","https://nswgame.com/one-piece-gear-spirit-ds-download-free/","https://4.bp.blogspot.com/-aV2tg1Ol1kM/W-K4A9KrFcI/AAAAAAAAWgg/8TXWyDyHQYI3EcFiQ3t6Q0bLYW4412MNACLcBGAs/s1600/57.jpg"
"Original Story from Fairy Tail Gekitotsu Kardia Daiseidou","https://nswgame.com/original-story-from-fairy-tail-gekitotsu-kardia-daiseidou-ds-download-free/","https://2.bp.blogspot.com/-VOT8z5TKmK8/W-K4Agm1dwI/AAAAAAAAWgc/DFnr87tWIeoixKzmei5MZTJOnsDA91PXwCLcBGAs/s1600/56.jpg"
"Otometeki Koi Kakumei Love Revo DS","https://nswgame.com/otometeki-koi-kakumei-love-revo-ds-download-free/","https://3.bp.blogspot.com/-HUP0kIvnCgE/W95tJmzJKbI/AAAAAAAAWI8/YXc8-Rnpr1Ar5pwwzCD4JrWlHs0qehexACLcBGAs/s1600/17.jpg"
"Phantasy Star Zero","https://nswgame.com/phantasy-star-zero-ds-download-free/","https://4.bp.blogspot.com/-dE_uAKT4Yzo/W-GgZO_db8I/AAAAAAAAWac/cbNSrTR7u1U6tCawy8YpHyKjJtaNkibJQCLcBGAs/s1600/68.jpg"
"Phineas and Ferb Across the 2nd Dimension","https://nswgame.com/phineas-and-ferb-across-the-2nd-dimension-ds-download-free/","https://3.bp.blogspot.com/-knQB4rTP2eI/W-Ak9cUkfjI/AAAAAAAAWQw/KZF94yw8Hz8xyGndtXEvpYl72DrQtvDfwCLcBGAs/s1600/28.jpg"
"Phineas and Ferb Quest for Cool Stuff","https://nswgame.com/phineas-and-ferb-quest-for-cool-stuff-ds-download-free/","https://2.bp.blogspot.com/-oXH0LMiw0fc/W-Ak9IQFm0I/AAAAAAAAWQs/ykfMMHirvU4sXd9-lZHkxKor9sCisXHzgCLcBGAs/s1600/27.jpg"
"Phineas and Ferb","https://nswgame.com/phineas-and-ferb-ds-download-free/","https://3.bp.blogspot.com/-o14gDrPeW1s/W-AlEtgqd5I/AAAAAAAAWS4/IeKPghWe_ycndOKOn-_sJZ1lYP0cpH-LwCLcBGAs/s1600/6.jpg"
"Phineas and Ferd Ride Again","https://nswgame.com/phineas-and-ferd-ride-again-ds-download-free/","https://3.bp.blogspot.com/-vAbTO0gz0Ks/W-Ak9X4bU0I/AAAAAAAAWQ0/OdTMYDsD13o9nUvSwwzgti7JgdSDtSShwCLcBGAs/s1600/29.jpg"
"Phoenix Wright Ace Attorney Justice for All","https://nswgame.com/phoenix-wright-ace-attorney-justice-for-all-ds-download-free/","https://2.bp.blogspot.com/-g3PxrM6Hvjs/W-GgFEe8NBI/AAAAAAAAWWk/cxjoxejGO6o0_HWqAuFIWWCwVBdb91oYACLcBGAs/s1600/12.jpg"
"Phoenix Wright Ace Attorney Trials and Tribulations","https://nswgame.com/phoenix-wright-ace-attorney-trials-and-tribulations-ds-download-free/","https://2.bp.blogspot.com/-C3ZwSVkb1e0/W-GgFY0O1MI/AAAAAAAAWWo/RsUd7gxUaHIwQA4YFyiqbx61dhatXCtawCLcBGAs/s1600/11.jpg"
"Phoenix Wright Ace Attorney","https://nswgame.com/phoenix-wright-ace-attorney-ds-download-free/","https://4.bp.blogspot.com/-ocrS3bDMH-Q/W-GgFek8wrI/AAAAAAAAWWs/e-8QcemycQwn_smnvqUyxOGSi8gmwVhJQCLcBGAs/s1600/13.jpg"
"Plants vs Zombies","https://nswgame.com/plants-vs-zombies-ds-download-free/","https://3.bp.blogspot.com/-vzMCyBujlBI/W-GgYzSWNkI/AAAAAAAAWaY/0c7mjOJHU8YjK0gfqAjANJBEiRfHYKLywCLcBGAs/s1600/67.jpg"
"Pokemon Black Version 2","https://nswgame.com/pokemon-black-version-2-ds-download-free/","https://4.bp.blogspot.com/-YniJQ5OnYs4/W-GgSbSwkBI/AAAAAAAAWZQ/r_OkWYcBXI8uxxMM2r-NNb3MfHHcKbBsQCLcBGAs/s1600/50.jpg"
"Pokemon Black Version","https://nswgame.com/pokemon-black-version-ds-download-free/","https://3.bp.blogspot.com/-oL4-KHVAjNQ/W-GgTOF0qLI/AAAAAAAAWZY/GCtnlIJG39guuvEyJxH1TZIZZjOoNHi5wCLcBGAs/s1600/52.jpg"
"Pokemon Conquest","https://nswgame.com/pokemon-conquest-ds-download-free/","https://4.bp.blogspot.com/-tPQCoQ6ehX4/W-GgYruQdkI/AAAAAAAAWaU/4mBQcMzZTO4OYFOZH0tercN06xyHorx2wCLcBGAs/s1600/66.jpg"
"Pokemon Dash","https://nswgame.com/pokemon-dash-ds-download-free/","https://1.bp.blogspot.com/-IaO7ttwu1TY/W-GgYU4QoJI/AAAAAAAAWaQ/HarQc2-sYsU_j7vEGwg7PwcdUUWqf0gOQCLcBGAs/s1600/65.jpg"
"Pokemon Diamond Version","https://nswgame.com/pokemon-diamond-version-ds-download-free/","https://2.bp.blogspot.com/-9HSjb7SH9pU/W-GgU-PUQcI/AAAAAAAAWZs/fSz9rQ2EEsYAj9nzNEsaqUng_z0TgaOTACLcBGAs/s1600/57.jpg"
"Pokemon HeartGold Version","https://nswgame.com/pokemon-heartgold-version-ds-download-free/","https://1.bp.blogspot.com/-ulamvvc8SYg/W-GgTsGsMfI/AAAAAAAAWZg/TRstJfMu0ekqX0wRV9e6cgLK95Qvba6OwCLcBGAs/s1600/54.jpg"
"Pokemon Mystery Dungeon Blue Rescue Team","https://nswgame.com/pokemon-mystery-dungeon-blue-rescue-team-ds-download-free/","https://3.bp.blogspot.com/-A63jXJiDGfM/W-GgXoj6QfI/AAAAAAAAWaM/j-oKF68sq6MfAT6dak6k2A3BVP0_BlVlQCLcBGAs/s1600/64.jpg"
"Pokemon Mystery Dungeon Explorers of Darkness","https://nswgame.com/pokemon-mystery-dungeon-explorers-of-darkness-ds-download-free/","https://2.bp.blogspot.com/-L1ApJXHMr7g/W-GgXtlF4EI/AAAAAAAAWaI/qb3rzy1RxV0fw8XP5jxQw5ydtR1PGWYLgCLcBGAs/s1600/63.jpg"
"Pokemon Mystery Dungeon Explorers of Sky","https://nswgame.com/pokemon-mystery-dungeon-explorers-of-sky-ds-download-free/","https://3.bp.blogspot.com/-L4fn3R-wy4g/W-GgWcScvEI/AAAAAAAAWaA/--dvlPLU_cgF-hR8b3_kMeelfJD-EKKtACLcBGAs/s1600/61.jpg"
"Pokemon Mystery Dungeon Explorers of Time","https://nswgame.com/pokemon-mystery-dungeon-explorers-of-time-ds-download-free/","https://2.bp.blogspot.com/-sOZRJV3wh3g/W-GgXC4Qo2I/AAAAAAAAWaE/br5nhrukQTojt6KNNJhIxmUObSnysfmfwCLcBGAs/s1600/62.jpg"
"Pokemon Pearl Version","https://nswgame.com/pokemon-pearl-version-ds-download-free/","https://3.bp.blogspot.com/-HmGxOfwkMns/W-GgT5F9EzI/AAAAAAAAWZk/3rGRhF-FczsmkZKtCbxslM1LYEBh3wGkACLcBGAs/s1600/56.jpg"
"Pokemon Platinum Version","https://nswgame.com/pokemon-platinum-version-ds-download-free/","https://1.bp.blogspot.com/-qgRFBCkP0hg/W-GgUKb4ByI/AAAAAAAAWZo/7owx2PR3KUMrPBbkqjU8iTBlxksSa1IxgCLcBGAs/s1600/55.jpg"
"Pokemon Ranger Guardian Signs","https://nswgame.com/pokemon-ranger-guardian-signs-ds-download-free/","https://3.bp.blogspot.com/-LceZcIvSRag/W-GgU-mmGMI/AAAAAAAAWZ0/LuGXhE-KITY20KDpiX5JbfW9Z4gq7CkxwCLcBGAs/s1600/59.jpg"
"Pokemon Ranger Shadows of Almia","https://nswgame.com/pokemon-ranger-shadows-of-almia-ds-download-free/","https://3.bp.blogspot.com/-Ku8QQ0TxYw8/W-GgU6UmEbI/AAAAAAAAWZw/oe6CmhEn_YgOg1hQ01GXOOtvpR9yRIrKQCLcBGAs/s1600/58.jpg"
"Pokemon Ranger","https://nswgame.com/pokemon-ranger-ds-download-free/","https://4.bp.blogspot.com/-TUfWNt8P4kI/W-GgWU_nh5I/AAAAAAAAWZ8/Fzcr3oPkvoEmdyoPkIO0r2owkANcyirfQCLcBGAs/s1600/60.jpg"
"Pokemon SoulSilver Version","https://nswgame.com/pokemon-soulsilver-version-ds-download-free/","https://2.bp.blogspot.com/-NeUJNyj9Eh4/W-GgTNudwtI/AAAAAAAAWZc/UfIzzGWpxGQ9g0A2fF1V_EwYACvnL5TZwCLcBGAs/s1600/53.jpg"
"Pokemon White Version 2","https://nswgame.com/pokemon-white-version-2-ds-download-free/","https://1.bp.blogspot.com/-uPz3ItQw0xk/W-GgR70YrHI/AAAAAAAAWZI/BbiC-Gy8GR4YGZsLOATuuCsM-1M7Oi0rQCLcBGAs/s1600/49.jpg"
"Pokemon White Version","https://nswgame.com/pokemon-white-version-ds-download-free/","https://1.bp.blogspot.com/-pZXzaKJQCH8/W-GgS3JUiVI/AAAAAAAAWZU/Nfzw2AHWz3Ufi79n0B2urgX_NPiFPu3wwCLcBGAs/s1600/51.jpg"
"Powershot Pinball Constructor","https://nswgame.com/powershot-pinball-constructor-ds-download-free/","https://3.bp.blogspot.com/-qhXL4RTbkm4/W-GgRfdjKHI/AAAAAAAAWZE/PMNHF4VmoRIqGFSP5Hc-QO1xMOqijmQLgCLcBGAs/s1600/48.jpg"
"Prince of Persia The Fallen King","https://nswgame.com/prince-of-persia-the-fallen-king-ds-download-free/","https://3.bp.blogspot.com/-oigdUohsPkU/W-GgRO01-zI/AAAAAAAAWZA/BRh7x7THJtwbicsf9wBP-lW78fF07ZjWwCLcBGAs/s1600/47.jpg"
"Professional Fishermans Tour Northern Hemisphere","https://nswgame.com/professional-fishermans-tour-northern-hemisphere/","https://3.bp.blogspot.com/-1rfCO50saxY/W-Ak84_illI/AAAAAAAAWQo/WrFjfXoU_6cc1BlN4ORQ_anKiXnAJZkfgCLcBGAs/s1600/26.jpg"
"Professor Layton and the Curious Village","https://nswgame.com/professor-layton-and-the-curious-village-ds-download-free/","https://4.bp.blogspot.com/-7PeLhSDsBb8/W95tRu89DsI/AAAAAAAAWK4/DnZbXEtvDf0fOqV3V7Bqy6Fp-qqBXlAyACLcBGAs/s1600/44.jpg"
"Puyo Puyo 15th Anniversary","https://nswgame.com/puyo-puyo-15th-anniversary-ds-download-free/","https://3.bp.blogspot.com/-vcGi8BJslgo/W95tKtwokWI/AAAAAAAAWJQ/DGozSkZ8o3oV6KC4_5jTZ5CfjMDW_8GPACLcBGAs/s1600/20.jpg"
"Puyo Puyo 7","https://nswgame.com/puyo-puyo-7-ds-download-free/","https://1.bp.blogspot.com/-Nx8vUoxoSS0/W95tKHKVDZI/AAAAAAAAWJE/iawWDhqOjUMzg2aqONWLGE8fIvgtCzjoQCLcBGAs/s1600/19.jpg"
"Puzzle Quest 2","https://nswgame.com/puzzle-quest-2-ds-download-free/","https://4.bp.blogspot.com/-s0g9sdiTYzc/W-AlB06HGfI/AAAAAAAAWSE/EMTW4OOG_VMSvwyvh4Z5nQrc3xtxc024wCLcBGAs/s1600/48.jpg"
"Puzzle Quest Challenge of The Warlords","https://nswgame.com/puzzle-quest-challenge-of-the-warlords-ds-download-free/","https://2.bp.blogspot.com/-u8clmWlsnjY/W-GgQMZtN6I/AAAAAAAAWY4/zzKO0AFLrnUqHZ5GsyzbN2DAiG27acYLgCLcBGAs/s1600/46.jpg"
"Puzzle Quest Galactrix","https://nswgame.com/puzzle-quest-galactrix-ds-download-free/","https://1.bp.blogspot.com/-VWeiV12Du9E/W-AlDqgwhII/AAAAAAAAWSk/OFKxVN1BmX8UlN7BUo4uVAQpOj9Q7Q3MgCLcBGAs/s1600/55.jpg"
"Radiant Historia","https://nswgame.com/radiant-historia-ds-download-free/","https://2.bp.blogspot.com/-TGKxYFghdtU/W-AlBE1Vj8I/AAAAAAAAWR0/_HUN-JrmEOkScqq5lBhfhFv7Z9x7NLCYwCLcBGAs/s1600/44.jpg"
"Ragnarok DS","https://nswgame.com/ragnarok-ds-download-free/","https://4.bp.blogspot.com/-FWpXCqKUcNg/W-AlCDTi3II/AAAAAAAAWSI/f6DzYMt7fwIZQKEs70DqWbhR1s_66JmpQCLcBGAs/s1600/49.jpg"
"Rayman DS","https://nswgame.com/rayman-ds-download-free/","https://3.bp.blogspot.com/-byoJIXoBMHI/W-GgQF7JHgI/AAAAAAAAWY8/bEXtKdxYMNQ2id5OEZbP9ACofA3lx32sACLcBGAs/s1600/45.jpg"
"Resident Evil Deadly Silence","https://nswgame.com/resident-evil-deadly-silence-ds-download-free/","https://1.bp.blogspot.com/-scV4Y0qqfbw/W-GgGd5diJI/AAAAAAAAWW8/6oANjM2QMm0-yNko0hWxuiLEVuNn870PQCLcBGAs/s1600/17.jpg"
"Rhythm Heaven","https://nswgame.com/rhythm-heaven-ds-download-free/","https://2.bp.blogspot.com/-CJARBraRtEE/W95tRuQbpnI/AAAAAAAAWK0/ISOS4qpnWikU4wNYAekpeiVc4-00ogHggCLcBGAs/s1600/43.jpg"
"Rise of The Guardians","https://nswgame.com/rise-of-the-guardians-ds-download-free/","https://1.bp.blogspot.com/-ibYuJeCQUEA/W-GgQNAfQaI/AAAAAAAAWY0/Uw5ee1USWqYyuR6zXG1DzfLGS_dK7mEzQCLcBGAs/s1600/44.jpg"
"Rondo of Swords","https://nswgame.com/rondo-of-swords-ds-download-free/","https://1.bp.blogspot.com/-Ta-v5Z5V42c/W95tRA0_KVI/AAAAAAAAWKw/wz5PG-CYHmQKGRV6SHfGk0SBcgaIlOtJwCLcBGAs/s1600/42.jpg"
"Rosario to Vampire Tanabata no Miss Youkai Gakuen","https://nswgame.com/rosario-to-vampire-tanabata-no-miss-youkai-gakuen-ds-download-free/","https://2.bp.blogspot.com/-FoU-FE3OmD0/W95tLXYhwxI/AAAAAAAAWJU/FxqNOyiTHcchHxn6Fr83mhnSky-fTHwpgCLcBGAs/s1600/21.jpg"
"Rune Factory 2 A Fantasy Harvest Moon","https://nswgame.com/rune-factory-2-ds-download-free/","https://2.bp.blogspot.com/-CV--5pOWwGY/W95tQ7cChMI/AAAAAAAAWKo/wW9NITHiO0kwDdXHO-tD1_6Nw8OSpRhWwCLcBGAs/s1600/40.jpg"
"Rune Factory 3 A Fantasy Harvest Moon","https://nswgame.com/rune-factory-3-a-fantasy-harvest-moon-ds-download-free/","https://3.bp.blogspot.com/-KAJVywpcrhs/W-K4DDhisYI/AAAAAAAAWhE/V7uIjHUbB9cf7-EKKI5ej7Xd-DuGVI3PQCLcBGAs/s1600/65.jpg"
"Rune Factory 3 A Fantasy Harvest Moon","https://nswgame.com/rune-factory-3-ds-download-free/","https://4.bp.blogspot.com/-mmKMI_Uh0k0/W95tQaoMSMI/AAAAAAAAWKc/RfI7hx_6MQI47Y3bxO_7vTsTiYSiVs1uwCLcBGAs/s1600/39.jpg"
"Rune Factory A Fantasy Harvest Moon","https://nswgame.com/rune-factory-a-fantasy-harvest-moon-ds-download-free-2/","https://4.bp.blogspot.com/-pbjpHolWw5U/W-GgPAEafII/AAAAAAAAWYw/wn-GFIy87ccTm3erPMMua2merRCqs50HACLcBGAs/s1600/43.jpg"
"Rune Factory A Fantasy Harvest Moon","https://nswgame.com/rune-factory-a-fantasy-harvest-moon-ds-download-free/","https://2.bp.blogspot.com/-Dkd_eMzVLzM/W95tRA-D9JI/AAAAAAAAWKs/ExIbmG_U5PooiwZgRnOUCFw8JBSbJrQSQCLcBGAs/s1600/41.jpg"
"SaGa 2 Hihou Densetsu Goddess of Destiny","https://nswgame.com/saga-2-hihou-densetsu-goddess-of-destiny-ds-download-free/","https://4.bp.blogspot.com/-VETtiNOJSQs/W95tL0ygFFI/AAAAAAAAWJY/nimbvv5aU747yYZ6LVmRlh1QJ-BGUXwgQCLcBGAs/s1600/22.jpg"
"SaGa 3 Jikuu no Hasha Shadow or Light","https://nswgame.com/saga-3-jikuu-no-hasha-shadow-or-light-ds-download-free/","https://3.bp.blogspot.com/-OSRmDDIxGKA/W95tMY_453I/AAAAAAAAWJc/-9ca8ZyWTkA59gwfyh2wMSY_dByr8tY3ACLcBGAs/s1600/23.jpg"
"Sands of Destruction","https://nswgame.com/sands-of-destruction-ds-download-free/","https://3.bp.blogspot.com/-jHQAJt8gZv4/W95tQnQZ0qI/AAAAAAAAWKk/c8LwevJzDz8k1fpwL4_TOpTGyzjzdIm8ACLcBGAs/s1600/38.jpg"
"Shin Megami Tensei Devil Survivor 2","https://nswgame.com/shin-megami-tensei-devil-survivor-2-ds-download-free/","https://4.bp.blogspot.com/-utOVXla2rq4/W-GgO5owHlI/AAAAAAAAWYs/A2HlIONGH6gMDMQmqAM_a4R87ncxfSHaACLcBGAs/s1600/41.jpg"
"Shin Megami Tensei Devil Survivor","https://nswgame.com/shin-megami-tensei-devil-survivor-ds-download-free/","https://1.bp.blogspot.com/-69Vp-TtVq3A/W-GgO-AtzvI/AAAAAAAAWYo/Bj5sgyDEVqEwpHHjSTB6qgYprPELpS5WgCLcBGAs/s1600/42.jpg"
"Shin Megami Tensei Strange Journey","https://nswgame.com/shin-megami-tensei-strange-journey-ds-download-free/","https://3.bp.blogspot.com/-w00dbrlkNio/W-GgN84qzlI/AAAAAAAAWYk/-am9_ZhOr60NAajmaZHdVYaRAKWDYkz8gCLcBGAs/s1600/40.jpg"
"Shinseiki Evangelion Ayanami Ikusei Keikaku DS with Asuka Hokan Keikaku","https://nswgame.com/shinseiki-evangelion-ayanami-ikusei-keikaku-ds-with-asuka-hokan-keikaku-ds-download-free/","https://2.bp.blogspot.com/-_lHW5NkseyA/W95tM1laldI/AAAAAAAAWJg/Bf5G75dxC6U8X2d3V-BCtSerpqwi68yowCLcBGAs/s1600/24.jpg"
"Solatorobo Red The Hunter","https://nswgame.com/solatorobo-red-the-hunter-ds-download-free/","https://1.bp.blogspot.com/-USGe_69Gt2o/W-GgNqPCvkI/AAAAAAAAWYc/yt80tdGAx4k9JpLQm65I3uxzKiQ7cUSaACLcBGAs/s1600/39.jpg"
"Soma Bringer","https://nswgame.com/soma-bringer-ds-download-free/","https://4.bp.blogspot.com/-GN0hvjK4_tw/W95tNJENJFI/AAAAAAAAWJk/nT14JVfGDsgy3f9UZ6aDHpTgs6nIj8QpwCLcBGAs/s1600/25.jpg"
"Sonic Colors","https://nswgame.com/sonic-colors-ds-download-free/","https://3.bp.blogspot.com/-vhZocDrA2nM/W-AlBo3PtPI/AAAAAAAAWR8/aC63Q2PeLto1hEL2Y2sIt33ilc04qd1nACLcBGAs/s1600/46.jpg"
"Spectrobes Beyond the Portals","https://nswgame.com/spectrobes-beyond-the-portals-ds-download-free/","https://2.bp.blogspot.com/-A6PHeHtANCM/W-GgM31jsnI/AAAAAAAAWYU/t56ndxoJpSwOdaYnFSm705A1nmxTnLY9ACLcBGAs/s1600/37.jpg"
"Spectrobes","https://nswgame.com/spectrobes-ds-download-free/","https://3.bp.blogspot.com/-lIEm8v8gPiE/W-GgNHxKpII/AAAAAAAAWYY/7_aR6HCJlVc6AEUeoLt5UayBHLnbjInTgCLcBGAs/s1600/38.jpg"
"Spyro Shadow Legacy","https://nswgame.com/spyro-shadow-legacy-ds-download-free/","https://2.bp.blogspot.com/-8h2mqQ0v3O0/W-GgMUQMEKI/AAAAAAAAWYQ/dDbV4OJe0OUJTAqbv4hGypwON4J4ejEUACLcBGAs/s1600/36.jpg"
"Star Wars Battlefront Elite Squadron","https://nswgame.com/star-wars-battlefront-elite-squadron-ds-download-free/","https://2.bp.blogspot.com/-XnCGHXGabEo/W95tdeOHGaI/AAAAAAAAWNU/Jv3Pnq--DZgF3tXVAJgxScNivynz5-kDQCLcBGAs/s1600/80.jpg"
"Star Wars Episode 3 Revenge of The Sith","https://nswgame.com/star-wars-episode-3-revenge-of-the-sith-ds-download-free/","https://3.bp.blogspot.com/-w6rgMYBW7QM/W95teNvkWsI/AAAAAAAAWNg/u8H2cC36zUoKeI-SN9YjrVnVuPMgffMPQCLcBGAs/s1600/83.jpg"
"Star Wars Lethal Alliance","https://nswgame.com/star-wars-lethal-alliance-ds-download-free/","https://2.bp.blogspot.com/-5hMwou4yUqQ/W95teNpTqvI/AAAAAAAAWNk/L3CxeQVnIOYYLPOmcRWRqIHuKZp454LWQCLcBGAs/s1600/82.jpg"
"Star Wars The Clone Wars Republic Heroes","https://nswgame.com/star-wars-the-clone-wars-republic-heroes-ds-download-free/","https://1.bp.blogspot.com/-AWzrU0u7zSg/W95td0D_dsI/AAAAAAAAWNc/LFrJc-onSAw3y0QB53v478KQC-ETIfYKwCLcBGAs/s1600/81.jpg"
"Star Wars The Force Unleashed 2","https://nswgame.com/star-wars-the-force-unleashed-2-ds-download-free/","https://1.bp.blogspot.com/-_BKX_sgiqug/W95tcbiP6_I/AAAAAAAAWNM/nQsw7SBAzUsPkrgXLgFutfrPMbn0AbIrQCLcBGAs/s1600/78.jpg"
"Star Wars The Force Unleashed","https://nswgame.com/star-wars-the-force-unleashed-ds-download-free/","https://3.bp.blogspot.com/-YfILB9Cg-OI/W95tdGnoJgI/AAAAAAAAWNQ/Qcd3N9OlBdgIhc6F76DbRWbKoTm6T3lwwCLcBGAs/s1600/79.jpg"
"Sudoku Mania","https://nswgame.com/sudoku-mania-ds-download-free/","https://3.bp.blogspot.com/-dw_4H2lkVAo/W-AlFAEh4qI/AAAAAAAAWTE/MJ1jiEMu514XhIjepWg4_1FfXam8JGlEQCLcBGAs/s1600/62.jpg"
"Suikoden Tierkreis","https://nswgame.com/suikoden-tierkreis-ds-download-free-2/","https://3.bp.blogspot.com/-Sm2DaI3l4Fc/W-GgMdLmRkI/AAAAAAAAWYM/LXQxLRH0CmIGNTqWu_BRfJsG419Qg5bSwCLcBGAs/s1600/35.jpg"
"Suikoden Tierkreis","https://nswgame.com/suikoden-tierkreis-ds-download-free/","https://1.bp.blogspot.com/-ccjSV42PF9w/W95tPzbWy3I/AAAAAAAAWKY/X-FTs4MK0uoBF_OQzHnEI0LBiSANMbPlACLcBGAs/s1600/37.jpg"
"Summon Night Twin Age","https://nswgame.com/summon-night-twin-age-ds-download-free-2/","https://4.bp.blogspot.com/-A8BqnF4jmU0/W-GgL9P90HI/AAAAAAAAWYE/tib52iHJkkMTI0B88pufZ_e_6DiTiAEmQCLcBGAs/s1600/34.jpg"
"Summon Night Twin Age","https://nswgame.com/summon-night-twin-age-ds-download-free/","https://4.bp.blogspot.com/-RRnkx51R0d0/W95tP87zc_I/AAAAAAAAWKU/YeD8HRBpNuMePLL2IHDD7QxAEeCi0EpowCLcBGAs/s1600/36.jpg"
"Summon Night X Tears Crown","https://nswgame.com/summon-night-x-tears-crown-ds-download-fre/","https://1.bp.blogspot.com/-gR_ffwn-8bs/W95tKAcxQ_I/AAAAAAAAWJM/u1fgO8lBriobrTqXqGTzpuAoIPSlPKjGgCLcBGAs/s1600/2.jpg"
"Super Mario 64 DS","https://nswgame.com/super-mario-64-ds-download-free/","https://2.bp.blogspot.com/-V-5KTnzfrX0/W-GgMNOsicI/AAAAAAAAWYI/s99_TRjeGO0z3VIyx2a5PzptXKwbr5ImgCLcBGAs/s1600/33.jpg"
"Super Princess Peach","https://nswgame.com/super-princess-peach-ds-download-free/","https://4.bp.blogspot.com/-ZhEWXU0GKVs/W-AlAl_-JRI/AAAAAAAAWRs/ilqQyX0OHiYFYXUnh-gOdJuzldcvH1X0wCLcBGAs/s1600/41.jpg"
"Super Robot Taisen K","https://nswgame.com/super-robot-taisen-k-ds-download-free-2/","https://3.bp.blogspot.com/-lYH0sMpNugU/W-GgEILyhPI/AAAAAAAAWWY/eU6pBHQaLLclA3YSHgMzNeuYY_oAJ7KLQCLcBGAs/s1600/10.jpg"
"Super Robot Taisen K","https://nswgame.com/super-robot-taisen-k-ds-download-free/","https://4.bp.blogspot.com/-GUalag2tkYY/W95tUGOxPJI/AAAAAAAAWLQ/d5BzGO-oF_8ZWBXGwC1FPs76crYkKkXQACLcBGAs/s1600/5.jpg"
"Super Robot Taisen L","https://nswgame.com/super-robot-taisen-l-ds-download-free/","https://4.bp.blogspot.com/-o-9Ab81YKR8/W-GggSJtyPI/AAAAAAAAWb8/We-7wuCsbdwcH8pjegDPbfWu9zqtmBgBwCLcBGAs/s1600/9.jpg"
"Super Robot Taisen OG Saga Endless Frontier","https://nswgame.com/super-robot-taisen-og-saga-endless-frontier-ds-download-free-2/","https://3.bp.blogspot.com/-Cca88hGjGgQ/W-GgLuNJriI/AAAAAAAAWYA/qpfmpP9xZoEfyxCKp_2aXPrs_2Rv0kElACLcBGAs/s1600/32.jpg"
"Super Robot Taisen OG Saga Endless Frontier","https://nswgame.com/super-robot-taisen-og-saga-endless-frontier-ds-download-free/","https://3.bp.blogspot.com/-peUYflOYroA/W95tPu09D8I/AAAAAAAAWKQ/tjWO9NH7-VQOmmBtKvOUqvZr631HaNxLACLcBGAs/s1600/35.jpg"
"Super Robot Taisen OG Saga Mugen no Frontier EXCEED","https://nswgame.com/super-robot-taisen-og-saga-mugen-no-frontier-exceed-ds-download-free/","https://4.bp.blogspot.com/-cahwT95uYOk/W-AlBE0_iqI/AAAAAAAAWRw/uX6DS_1TYukUKFhPI6jLfPiU7kJPEbiKgCLcBGAs/s1600/43.jpg"
"Super Robot Taisen W","https://nswgame.com/super-robot-taisen-w-ds-download-free/","https://3.bp.blogspot.com/-glStD_CCPVk/W-GgdXIjzwI/AAAAAAAAWbU/XtAER_Ce1ac7cEu-Yvcv1eb3LHLYqjEhACLcBGAs/s1600/8.jpg"
"Tales of Hearts","https://nswgame.com/tales-of-hearts-ds-download-free/","https://1.bp.blogspot.com/-RHD6MRRCHBw/W-K4AHNzmgI/AAAAAAAAWgU/VY_gQfm70ewNmMccBwY12YlVwH3i3ym0QCLcBGAs/s1600/54.jpg"
"Tales of Innocence","https://nswgame.com/tales-of-innocence-ds-download-free-2/","https://3.bp.blogspot.com/-mKD4op5BPng/W-K3_5uTr7I/AAAAAAAAWgQ/zhvtlJWZBPgMVxWUFhMiYoatguGQhri8gCLcBGAs/s1600/53.jpg"
"Tales of Innocence","https://nswgame.com/tales-of-innocence-ds-download-free/","https://3.bp.blogspot.com/-Rks4osc34GQ/W95tOJLzgYI/AAAAAAAAWJ4/Rwnk0REl1mYDTRsNBP5kDaqp5idjpSBcgCLcBGAs/s1600/3.jpg"
"Tales of The Tempest","https://nswgame.com/tales-of-the-tempest-ds-download-free-2/","https://1.bp.blogspot.com/-N-cp69V5wUE/W-K3_o6Va7I/AAAAAAAAWgM/voAwwIZNvmMI32OrRers9mz5NdB9amMqwCLcBGAs/s1600/52.jpg"
"Tales of The Tempest","https://nswgame.com/tales-of-the-tempest-ds-download-free/","https://4.bp.blogspot.com/-795YHsDaF1Q/W95tQh7D4jI/AAAAAAAAWKg/U1jmMKDhTngl_lu9kEKaa4DlDfiHfo7mwCLcBGAs/s1600/4.jpg"
"Taos Adventure Curse of the Demon Seal","https://nswgame.com/taos-adventure-curse-of-the-demon-seal-ds-download-free/","https://1.bp.blogspot.com/-E71ulXR4HF0/W-GgLIxP_PI/AAAAAAAAWX8/HhgYq2_6C_I8dB1VUxERMqtyiVu6FEcswCLcBGAs/s1600/31.jpg"
"Tennis no Oji Sama Doubles no Oji Sama Girls Be Gracious","https://nswgame.com/tennis-no-oji-sama-doubles-no-oji-sama-girls-be-gracious-ds-download-free/","https://4.bp.blogspot.com/--URcCy47Kas/W95tNKkg2wI/AAAAAAAAWJo/I5cNRcBCh_Au0GN-i1Jv0_w9H_54nUYmwCLcBGAs/s1600/26.jpg"
"Tennis no Oji Sama Motto Gakuensai no Ouji Sama More Sweet Edition","https://nswgame.com/tennis-no-oji-sama-motto-gakuensai-no-ouji-sama-more-sweet-edition-ds-download-free/","https://2.bp.blogspot.com/-R6vsmfgI8yQ/W95tKOd1YjI/AAAAAAAAWJI/lg8_ZFyNVKgngqnwOO5SN7gHdwMU05MGgCLcBGAs/s1600/18.jpg"
"Tetris DS","https://nswgame.com/tetris-ds-download-free/","https://1.bp.blogspot.com/-Bp_oSMlktwE/XPdCyC-GTKI/AAAAAAAAF4I/6Wg3wEg3aTEhp2K1z3eRunqPlkjha26CQCLcBGAs/s1600/1.jpg"
"The Incredible Hulk","https://nswgame.com/the-incredible-hulk-ds-download-free/","https://3.bp.blogspot.com/-4029A-Qc1z0/W-AlJp4wKcI/AAAAAAAAWUU/4rIkSShgGHkq2DhfjUPyguyB_hhcxOvDACLcBGAs/s1600/80.jpg"
"The Legend of Kage 2","https://nswgame.com/the-legend-of-kage-2-ds-download-free/","https://1.bp.blogspot.com/-J3S_7qXOYYw/W-GgLP4OoPI/AAAAAAAAWX4/wmm048uzwckwcxYgKkV9PPiVGbpzoKD4gCLcBGAs/s1600/30.jpg"
"The Legend of Zelda Phantom Hourglass","https://nswgame.com/the-legend-of-zelda-phantom-hourglass-ds-download-free/","https://4.bp.blogspot.com/-wxX0sanAwnU/W-Ak6CPKBaI/AAAAAAAAWPw/ASBeuAx7A8UahEyCtvuSaVbRZG-6V41mQCLcBGAs/s1600/13.jpg"
"The Legend of Zelda Spirit Tracks","https://nswgame.com/the-legend-of-zelda-spirit-tracks-ds-download-free/","https://3.bp.blogspot.com/-lcwvYdeaoe0/W-Ak-qv_yEI/AAAAAAAAWRI/KkbbtJJKXPMouzHUI4FFohs6V6dCV2QuQCLcBGAs/s1600/33.jpg"
"The Lord of The Rings Conquest","https://nswgame.com/the-lord-of-the-rings-conquest-ds-download-free/","https://4.bp.blogspot.com/-X7ngFfdHGqM/W95taclaW0I/AAAAAAAAWM0/A5muhrkcnhcg_LhH9ZpOaKDRkHAnF9EpQCLcBGAs/s1600/72.jpg"
"The Princess and The Frog","https://nswgame.com/the-princess-and-the-frog-ds-download-free/","https://1.bp.blogspot.com/-kQseok429Jg/W95tZQKPj7I/AAAAAAAAWMk/tn1Kx35q6yAwPQEL5oYITETqiKYXELkfQCLcBGAs/s1600/69.jpg"
"The Simpsons Game","https://nswgame.com/the-simpsons-game-ds-download-free/","https://2.bp.blogspot.com/-hs2SQt4e4-Y/W-Ak5yaoiNI/AAAAAAAAWPo/thXkBNgiHYEJJFKPMLgFvJijJX0d3ihJwCLcBGAs/s1600/11.jpg"
"The World Ends With You","https://nswgame.com/the-world-ends-with-you-ds-download-free/","https://2.bp.blogspot.com/-CeXWeloSTUc/W-AlIUWL9JI/AAAAAAAAWT4/a3E46l0AjS8Xonlf_cjT-GgCo6ZfsPdQACLcBGAs/s1600/74.jpg"
"Tokimeki Memorial Girls Side 1st Love Plus","https://nswgame.com/tokimeki-memorial-girls-side-1st-love-plus-ds-download-free/","https://4.bp.blogspot.com/-3I2LtB3nkjE/W95tNvppIsI/AAAAAAAAWJs/L_hL-j0EuAw5P9tMOywwpxes_GTHB9fWACLcBGAs/s1600/27.jpg"
"Tokimeki Memorial Girls Side 2nd Season","https://nswgame.com/tokimeki-memorial-girls-side-2nd-season-ds-download-free/","https://1.bp.blogspot.com/-4mejWjBOeXU/W95tN09rKGI/AAAAAAAAWJw/Xn-exdhuohAA3A4ieFURG-Tb-LKPYQbBgCLcBGAs/s1600/28.jpg"
"Tokimeki Memorial Girls Side 3rd Story","https://nswgame.com/tokimeki-memorial-girls-side-3rd-story-ds-download-free/","https://3.bp.blogspot.com/--C2ZMl6Wfpw/W95tON6HAWI/AAAAAAAAWJ0/BY6rywGFwmwBM5VLtCnlhxwmwKol6kyugCLcBGAs/s1600/29.jpg"
"Tomodachi Collection","https://nswgame.com/tomodachi-collection-ds-download-free/","https://1.bp.blogspot.com/-hvs3spyHlno/W95tOXnzGNI/AAAAAAAAWJ8/HnbCR_K7VzE66B7i6vFsA5AN87_tTwqjACLcBGAs/s1600/30.jpg"
"TrackMania Turbo","https://nswgame.com/trackmania-turbo-ds-download-free/","https://4.bp.blogspot.com/-JxIzu7eWTXI/W-Ak-kBIiDI/AAAAAAAAWRA/B56XD40Sn3okA5Rmt4WWtL9-Bzvl_hYPwCLcBGAs/s1600/31.jpg"
"Transformers Decepticons","https://nswgame.com/transformers-decepticons-ds-download-free/","https://1.bp.blogspot.com/-9jEjb176XsA/W-GgKalIypI/AAAAAAAAWXs/MTVGktlw_ysPRZL6rPBgr_FKUVxx8ffdQCLcBGAs/s1600/28.jpg"
"Transformers Prime The Game","https://nswgame.com/transformers-prime-the-game-ds-download-free/","https://3.bp.blogspot.com/-BTEHYHqPw_k/W-GgKvrvhwI/AAAAAAAAWXw/exZbii5MRDouymF7iBc41h75aUyZbuUHwCLcBGAs/s1600/29.jpg"
"Trauma Center Under the Knife 2","https://nswgame.com/trauma-center-under-the-knife-2-ds-download-free/","https://3.bp.blogspot.com/-qjSr3qtxjcg/W95tO5ZSR1I/AAAAAAAAWKI/DQKnI10ceKoPifruWu72vQYUWkZmPDVNQCLcBGAs/s1600/33.jpg"
"TV Anime Fairy Tail Gekitou Madoushi Kessen","https://nswgame.com/tv-anime-fairy-tail-gekitou-madoushi-kessen-ds-download-free/","https://3.bp.blogspot.com/-308n2x3Iocg/W-K4AioGh9I/AAAAAAAAWgY/kfn21ohkf1UZlX6SZqNN4SN9OJbsD_VaACLcBGAs/s1600/55.jpg"
"Ultimate Mortal Kombat","https://nswgame.com/ultimate-mortal-kombat-ds-download-free/","https://4.bp.blogspot.com/-u5dyPHoxdCE/W-Ak5OYyurI/AAAAAAAAWPk/XX4EWaN2x_Q_83TCAE3LyICz0ctK4YyDQCLcBGAs/s1600/10.jpg"
"UP","https://nswgame.com/up-ds-download-free/","https://1.bp.blogspot.com/-B47TngSgM84/W95tZ-0_xyI/AAAAAAAAWMw/GImcVeXqGuI5jQRw7Q43AZAd_yB9YT0hgCLcBGAs/s1600/71.jpg"
"Valkyrie Profile Covenant of the Plume","https://nswgame.com/valkyrie-profile-covenant-of-the-plume-ds-download-free-2/","https://1.bp.blogspot.com/-jZA9XEjGseA/W-AlGnRzrGI/AAAAAAAAWTc/f-VyJBWJuWQJHY16l94CF1A9fBKYM0F_wCLcBGAs/s1600/68.jpg"
"Valkyrie Profile Covenant of the Plume","https://nswgame.com/valkyrie-profile-covenant-of-the-plume-ds-download-free/","https://2.bp.blogspot.com/-dHjPb5DVwEk/W95tOtbF7OI/AAAAAAAAWKA/R8dYecyGVaoOhhT6RQmQwrm3hs32pzSigCLcBGAs/s1600/32.jpg"
"Wappy Dog","https://nswgame.com/wappy-dog-ds-download-free/","https://1.bp.blogspot.com/-OCHaKCNM1C8/W95teiuWibI/AAAAAAAAWNo/BHE1C8eHqJUyMM4RJncFmHQ3a6LyjmmMwCLcBGAs/s1600/85.jpg"
"Wario Master of Disguise","https://nswgame.com/wario-master-of-disguise-ds-download-free/","https://4.bp.blogspot.com/--XMf-hce7Cc/W-Ak6qGI-OI/AAAAAAAAWP4/SZuCJ7HjQIwaJ3yfuTStL957f7kH0LATACLcBGAs/s1600/15.jpg"
"Wario Ware DIY","https://nswgame.com/wario-ware-diy-ds-download-free/","https://1.bp.blogspot.com/-g7Tdap1I0os/W-Ak5GqhaMI/AAAAAAAAWPc/byAILAZq7PcT4bytOrCGBbfRHAfIuno1QCLcBGAs/s1600/1.jpg"
"WarioWare Touched","https://nswgame.com/warioware-touched-ds-download-free/","https://1.bp.blogspot.com/-iIFiV8nmad0/W-AlJJb-ExI/AAAAAAAAWUI/dsLTbaIETJcdNpgV3zkMRSl2WQA6sezjQCLcBGAs/s1600/78.jpg"
"Witchs Wish","https://nswgame.com/witchs-wish-ds-download-free/","https://1.bp.blogspot.com/-BpRSZ-4CY5s/W-AlFmN_t5I/AAAAAAAAWTM/mUzotzoVYssSZFUNb40VZ6NBioyn_VbHwCLcBGAs/s1600/64.jpg"
"Wreck It Ralph","https://nswgame.com/wreck-it-ralph-ds-download-free/","https://3.bp.blogspot.com/-KNPosobyq4Q/W95temuYlXI/AAAAAAAAWNs/SCygVUHvEwItiVwx4oKb1RfwWutCn0IygCLcBGAs/s1600/84.jpg"
"X Men The Official Game","https://nswgame.com/x-men-the-official-game-ds-download-free/","https://3.bp.blogspot.com/-ocLTF0HksaE/W-GgJ0VqlgI/AAAAAAAAWXo/0bV9iOSVbLM3p_GhsHR8JVUjpZdZ5h6mwCLcBGAs/s1600/27.jpg"
"Yakuman DS","https://nswgame.com/yakuman-ds-download-free/","https://2.bp.blogspot.com/-xwKYrxH3yVU/W95tYYxj0HI/AAAAAAAAWMU/LdA_-BSRxEc_Sk0GTihPOfs7Y02GSezUgCLcBGAs/s1600/65.jpg"
"Yoshi Touch & Go","https://nswgame.com/yoshi-touch-go-ds-download-free/","https://2.bp.blogspot.com/-xH6bbmFZUTY/W-Ak7XyXAPI/AAAAAAAAWQE/m8T6fYOUlwQTffKr7gf55_0x2OFK8knEwCLcBGAs/s1600/18.jpg"
"Yoshis Island DS","https://nswgame.com/yoshis-island-ds-download-free/","https://3.bp.blogspot.com/-XlcpsJ0BZu4/W-Ak7IpGLzI/AAAAAAAAWQA/PnPCB4o96tAZcdsMft8oJiS39dR8N65iQCLcBGAs/s1600/17.jpg"
"Yu Gi Oh 5Ds World Championship 2011 Over The Nexus","https://nswgame.com/yu-gi-oh-5ds-world-championship-2011-over-the-nexus-ds-download-free/","https://1.bp.blogspot.com/-HXBwP9TKfAs/W-GgGUdm3qI/AAAAAAAAWW4/NitEeQ4Xzy4-frlOhCZX0GvUrH0CPpylACLcBGAs/s1600/16.jpg"
"Zoo Keeper","https://nswgame.com/zoo-keeper-ds-download-free/","https://3.bp.blogspot.com/-nuITun5dr-c/W95tOkyOPXI/AAAAAAAAWKE/NsaSAMIOg1E6fEtuJ99z77uLNpSSvthRACLcBGAs/s1600/31.jpg"