Mortal Kombat 11 Ultimate,https://dlpsgame.com/mortal-kombat-11-ultimate-ps5/,https://1.bp.blogspot.com/-OEZvIvMyEHI/ZeijQC3S6oI/AAAAAAAAFi0/lJixrhFOl-kFdBQP-vi5k578NBXcHxErACNcBGAsYHQ/s0/1.jpg,ps5
Apsulov End of Gods,https://dlpsgame.com/aspulov-end-of-gods-ps5/,https://1.bp.blogspot.com/-wNNCQ5cNPrs/Za-1zh64_7I/AAAAAAAAE80/G7odOMKh8VwVGJzpVzu2gFR6dE-axZP1gCNcBGAsYHQ/s0/1.jpg,ps5
Fishing North Atlantic Enhanced Edition,https://dlpsgame.com/fishing-north-atlantic-enhanced-edition-ps5/,https://1.bp.blogspot.com/-UJ86PkWjAKc/ZdatWV8GuqI/AAAAAAAAFX0/FQM9beN4dUoNKqUookpA0QazquyYTPNggCNcBGAsYHQ/s0/1.jpg,ps5
Astros Playroom,https://dlpsgame.com/astros-playroom-ps5/,https://1.bp.blogspot.com/-mMNIBolsNNQ/ZcmUdEUruFI/AAAAAAAAFPg/SuViix65FSQSM0W_C_QqWEyh42mU1ZyxACNcBGAsYHQ/s0/5.jpg,ps5
Monster Energy Supercross The Official Videogame 5,https://dlpsgame.com/monster-energy-supercross-5-ps5/,https://1.bp.blogspot.com/-KBTJTswCGG4/ZcgzUcWZW3I/AAAAAAAAFOg/9nRlfLv9_KMSatJM32QUSfzNO4rEdzLHQCNcBGAsYHQ/s0/2.jpg,ps5
Call of The Sea,https://dlpsgame.com/call-of-the-sea-ps5/,https://1.bp.blogspot.com/-OeXNo38oSmU/ZcZ1akVD2EI/AAAAAAAAFNw/PbbBAZISgbclRqK0uoIi0KAj0whtZj09ACNcBGAsYHQ/s0/2.jpg,ps5
Martha is Dead,https://dlpsgame.com/martha-is-dead-ps5/,https://1.bp.blogspot.com/-Ij8HdHSzAIs/ZcZ0aEUygmI/AAAAAAAAFNY/w9n8HTbSG-gXlvAegsa30X9QSpHLmjuLQCNcBGAsYHQ/s0/1.jpg,ps5
Hot Wheels Unleashed,https://dlpsgame.com/hot-wheels-unleashed-ps5/,https://1.bp.blogspot.com/-GY9aXOUkXE8/Zb4PnImluAI/AAAAAAAAFL8/sHf8exIb_-svDmsQZwXDi8GsjCoDcM9iQCNcBGAsYHQ/s0/2.jpg,ps5
Monster Energy Supercross The Official Videogame 4,https://dlpsgame.com/monster-energy-supercross-the-official-videogame-4-ps5/,https://1.bp.blogspot.com/-PlH5yX6ZGbo/Zb2Kk1u5jjI/AAAAAAAAFLk/iO42iWWSBsA1e9beaW7jsEvaznKPpkHpQCNcBGAsYHQ/s0/1.jpg,ps5
Demon Slayer Kimetsu no Yaiba The Hinokami Chronicles,https://dlpsgame.com/demon-slayer-kimetsu-no-yaiba-the-hinokami-chronicles-ps5/,https://1.bp.blogspot.com/-Hcx3Dt4jel0/Zbz8prJmxEI/AAAAAAAAFLM/aLjLez_lG-wdlPCn0V6DTg83yKGRCRBFwCNcBGAsYHQ/s0/3.jpg,ps5
MotoGP 21,https://dlpsgame.com/motogp-21-ps5/,https://1.bp.blogspot.com/-zZOLuXgb3SU/Zby89rpTBqI/AAAAAAAAFK0/R-D0rOYHeFY8CP-zt_cNYu93nNajTZh4wCNcBGAsYHQ/s0/2.jpg,ps5
Nerf Legends,https://dlpsgame.com/nerf-legends-ps5/,https://1.bp.blogspot.com/-QSk7hnvMrn8/ZbxlEuDulqI/AAAAAAAAFKg/QHx5qRlKlrc8H26wpUBCZ9jp-6LOEXsgwCNcBGAsYHQ/s0/1.jpg,ps5
Crimson Spires,https://dlpsgame.com/crimson-spires-ps5/,https://1.bp.blogspot.com/-nxvRpCMHoz0/ZbrcUN6Z6lI/AAAAAAAAFJU/mt8OoDjbiVoD5tpS0msY9plxDo8kq8QAgCNcBGAsYHQ/s0/1.jpg,ps5
The Smurfs Mission Vileaf,https://dlpsgame.com/the-smurfs-mission-vileaf-ps5/,https://1.bp.blogspot.com/-xpNCakof3wY/ZbhNCDuEylI/AAAAAAAAFIE/1uHdXJY7lK80Vk6lM09tVbdFjcJrsIOtwCNcBGAsYHQ/s0/1.jpg,ps5
RIDE 4,https://dlpsgame.com/ride-4-ps5/,https://1.bp.blogspot.com/-yH3oWg7LGh0/ZbcHh47y4YI/AAAAAAAAFHo/BFBPM5q-KSkSzjckY4bFAeaAHJ-9f4XqwCNcBGAsYHQ/s0/2.jpg,ps5
MXGP 2020 The Official Motocross Videogame,https://dlpsgame.com/mxgp-2020-the-official-motocross-videogame-ps5/,https://1.bp.blogspot.com/-MNKs2dU6Avg/ZbcGrCaV8AI/AAAAAAAAFHU/6zjzDPH6qgwbBb0lf1RIx42L8GZ6sUsDwCNcBGAsYHQ/s0/1.jpg,ps5
Planet Coaster Console Edition,https://dlpsgame.com/planet-coaster-console-edition-ps5/,https://1.bp.blogspot.com/-NtrDP5-c35Q/ZbUO1GFWQII/AAAAAAAAFGg/wL2txVDDvlEkuXMc-VHGC9lMNq02nYunQCNcBGAsYHQ/s0/2.jpg,ps5
The Ascent,https://dlpsgame.com/the-ascent-ps5/,https://1.bp.blogspot.com/-r8SdOdI_rdc/ZbUN0bMlp3I/AAAAAAAAFGI/euBDBfAmlGUm5_U8bXxrDL8VFs-E-zoFQCNcBGAsYHQ/s0/1.jpg,ps5
Asterix and Obelix XXXL The Ram From Hibernia,https://dlpsgame.com/asterix-and-obelix-xxxl-the-ram-from-hibernia/,https://1.bp.blogspot.com/-jNTdLTGiWY4/ZbKREPHfKsI/AAAAAAAAFEI/A00t58etwf0j1LYetyV6V13qrzpG3EikwCNcBGAsYHQ/s0/1.jpg,ps5
Ikai,https://dlpsgame.com/ikai-ps5/,https://1.bp.blogspot.com/-o8XvcF75nNU/ZbBMOLEn9WI/AAAAAAAAE_0/eqtmW8xd38oTu0thJfLfp0FbTp1qOnHVQCNcBGAsYHQ/s0/3.jpg,ps5
Observer System Redux,https://dlpsgame.com/observer-system-redux-ps5/,https://1.bp.blogspot.com/-2ePkY0Rahi0/ZbBKzyOWHwI/AAAAAAAAE_c/2S1rdArQCTIy3A8HCxcBwpLJFgCu6NeqQCNcBGAsYHQ/s0/2.jpg,ps5
Chernobylite,https://dlpsgame.com/chernobylite-ps5/,https://1.bp.blogspot.com/-DQnLCKdtcaA/ZbBJsoqGHbI/AAAAAAAAE_I/JmaiHt-BJ5UETonSirSCNEF5HMr8tk1xQCNcBGAsYHQ/s0/1.jpg,ps5
Bugsnax,https://dlpsgame.com/bugsnax-ps5/,https://1.bp.blogspot.com/-RfDLLdqu_Ko/Zax7usiHFBI/AAAAAAAAEj0/no8q0uuB4wIXPFWTGv6vB4qkBZIaKtBDwCNcBGAsYHQ/s0/4.jpg,ps5
Override 2 Super Mech League,https://dlpsgame.com/override-2-super-mech-league-ps5/,https://1.bp.blogspot.com/-DjJWeA3KDfo/Zax6iSdu1sI/AAAAAAAAEjM/99qvux5Cb1ctz-B3M3SXLTtJ68SI3yfZQCNcBGAsYHQ/s0/2.jpg,ps5
Street Outlaws 2 Winner Takes All,https://dlpsgame.com/street-outlaws-2-winner-takes-all-ps5/,https://1.bp.blogspot.com/-p2vGakA99Ig/Zax5tHM_Y5I/AAAAAAAAEi4/swDHr0dL8UUt8c6Cm1JMlpJw_EMJA7RIACNcBGAsYHQ/s0/1.jpg,ps5
The Riftbreaker,https://dlpsgame.com/the-riftbreaker-ps5/,https://1.bp.blogspot.com/-KnVaAr5NmL8/Zat9vLaEsVI/AAAAAAAAEhs/ATx6dL7kR-ko8cCLGd-Uei5cl5j8W-mEQCNcBGAsYHQ/s0/3.jpg,ps5
Dungeons Dragons Dark Alliance,https://dlpsgame.com/dungeons-dragons-dark-alliance-ps5/,https://1.bp.blogspot.com/-a5782lpxgBg/Zat9IDFPPtI/AAAAAAAAEhU/uq6CNRk5HBokXchu_fK1n9sO2Hm8xl69gCNcBGAsYHQ/s0/2.jpg,ps5
Control Ultimate Edition,https://dlpsgame.com/control-ultimate-edition-ps5/,https://1.bp.blogspot.com/-GV3vPW6U7Pg/Zat8fTArPWI/AAAAAAAAEg8/1ol-NAPI-MMzi6SQE4fOPt65srIS16UhwCNcBGAsYHQ/s0/1.jpg,ps5
Train Sim World 2 Rush Hour Deluxe Edition,https://dlpsgame.com/train-sim-world-2-rush-hour-deluxe-edition-ps5/,https://1.bp.blogspot.com/-s7rUyd_Fh4s/ZapBNlsoAfI/AAAAAAAAEgU/pdPYv7yENVokmugUydzNQaVs7awmnTMPQCNcBGAsYHQ/s0/0.jpg,ps5
Mortal Shell Enhanced Edition,https://dlpsgame.com/mortal-shell-enhanced-edition-ps5/,https://1.bp.blogspot.com/-WnUTsERFeao/ZajeEjJS13I/AAAAAAAAEgA/rHAc9mGo6kopHy4U16rYpiM3qyYxo00mACNcBGAsYHQ/s0/1.jpg,ps5
Spirit of The North Enhanced Edition,https://dlpsgame.com/spirit-of-the-north-enhanced-edition-ps5/,https://1.bp.blogspot.com/-PWHiQI2VzKM/ZagR5aMKiLI/AAAAAAAAEfs/XC65k4_2OY4_TaVi2BTxfmyoOTxunzs9QCNcBGAsYHQ/s0/3.jpg,ps5
Monster Truck Championship,https://dlpsgame.com/monster-truck-championship-ps5/,https://1.bp.blogspot.com/-YOrPbamGzOo/ZagRL-bZS0I/AAAAAAAAEfY/wt8YfHNyEtMw7eykOir6euDvDle0iSL6gCNcBGAsYHQ/s0/2.jpg,ps5
Hunting Simulator 2,https://dlpsgame.com/hunting-simulator-2-ps5/,https://1.bp.blogspot.com/-ISsPBBfgH40/ZagQnmBOLyI/AAAAAAAAEfI/B3Q9ioesnIE3_mjOU90xcCEr_TbBnq-TwCNcBGAsYHQ/s0/1.jpg,ps5
Infliction Extended Cut,https://dlpsgame.com/infliction-extended-cut-ps5/,https://1.bp.blogspot.com/-_KjkzUGc0aI/ZadQkSlYepI/AAAAAAAAEeo/sJbdX3ReWJUGtg3lvQBo_tlS3M1yQMB4wCNcBGAsYHQ/s0/1.jpg,ps5
It Takes Two,https://dlpsgame.com/it-takes-two-ps5/,https://1.bp.blogspot.com/-qSaU2zqekUs/ZacZnlJxGuI/AAAAAAAAEeU/QGnqMBe5NXEQxrYMAepwoVu8zwOqtZRBgCNcBGAsYHQ/s0/1.jpg,ps5
Terminator Resistance Enhanced,https://dlpsgame.com/terminator-resistance-enhanced-ps5/,https://1.bp.blogspot.com/-zk7H6niCEsA/ZaaYf39J33I/AAAAAAAAEd8/Rkp-74DBmfw0xMhHAkFSCG8Ud9nkXpJIACNcBGAsYHQ/s0/1.jpg,ps5
Fatal Frame Maiden of Black Water,https://dlpsgame.com/fatal-frame-maiden-of-black-water-ps5/,https://1.bp.blogspot.com/-yFJ0VUZFp3k/ZaXYrempNGI/AAAAAAAAEdk/swEJZCy_MwscP7Hr40tL1JWpCsI3baJygCNcBGAsYHQ/s0/2.jpg,ps5
Kid A Mnesia Exhibition,https://dlpsgame.com/kid-a-mnesia-exhibition-ps5/,https://1.bp.blogspot.com/-3-FZASocDls/ZaXYTniuvTI/AAAAAAAAEdM/_GOgEZMjc7gkMJj4qjy3Y-3YBjN2GPmwwCNcBGAsYHQ/s0/1.jpg,ps5
Void tRrLM();++ //Void Terrarium++,https://dlpsgame.com/void-trrlm-void-terrarium-ps5/,https://1.bp.blogspot.com/-V6w3GVRZl0c/ZaVvRjfWZ8I/AAAAAAAAEcg/b3ytIyjEz8c_1NxOrSIyTfq1YkVcmLWYACNcBGAsYHQ/s0/4.jpg,ps5
Bassmaster Fishing 2022,https://dlpsgame.com/bassmaster-fishing-2022-ps5/,https://1.bp.blogspot.com/-4Xpa2yF2KkQ/ZaVuSwEFVyI/AAAAAAAAEcI/3vVl1jLR934C0M8mJYzAIFdDHsc-7jnIgCNcBGAsYHQ/s0/3.jpg,ps5
Ghostrunner,https://dlpsgame.com/ghostrunner-ps5/,https://1.bp.blogspot.com/-Xs73i5ETDcE/ZaVtnd0kLPI/AAAAAAAAEbw/pQNv2XxXPOQmQiMAhbuxONRK7P_SHEhiQCNcBGAsYHQ/s0/2.jpg,ps5
Tropico 6,https://dlpsgame.com/tropico-6-ps5/,https://1.bp.blogspot.com/-j0R2E4F5A1E/ZaVs2zuX52I/AAAAAAAAEbc/PPONipRdItcqXYxJrQn9BrxoO2KUGlNZwCNcBGAsYHQ/s0/1.jpg,ps5
Jumanji The Video Game,https://dlpsgame.com/jumanji-the-video-game-ps5/,https://1.bp.blogspot.com/-35hsM4r1ou8/ZaSJtVcXO1I/AAAAAAAAEbI/RumEzDYh0zkbFvvaJIw8saU9hXSk2zAoQCNcBGAsYHQ/s0/4.jpg,ps5
Unbound Worlds Apart,https://dlpsgame.com/unbound-worlds-apart-ps5/,https://1.bp.blogspot.com/-ui22FGB_FLE/ZaSIvHJns0I/AAAAAAAAEa0/0Nd9q34DiEMiYsddIaoyN_5ND0EJavwJgCNcBGAsYHQ/s0/3.jpg,ps5
Beyond a Steel Sky,https://dlpsgame.com/beyond-a-steel-sky-ps5/,https://1.bp.blogspot.com/-UP913uK7-zw/ZaSHsQgc9aI/AAAAAAAAEac/XsV_ND6HlYUF-L9bTPmKJBGZQlxre_5gQCNcBGAsYHQ/s0/2.jpg,ps5
Five Nights at Freddys Security Breach,https://dlpsgame.com/five-nights-at-freddys-security-breach-ps5/,https://1.bp.blogspot.com/-JuCwsdE8MZo/ZaSG9xe9RfI/AAAAAAAAEaE/4xgbnbG_06EaBMPaDRpdy23zP6CrWf0xwCNcBGAsYHQ/s0/1.jpg,ps5
Record of Lodoss War Deedlit in Wonder Labyrinth,https://dlpsgame.com/record-of-lodoss-war-deedlit-in-wonder-labyrinth-ps5/,https://1.bp.blogspot.com/-l3Zvd-dK604/ZaNVnT61axI/AAAAAAAAESg/W0V0GG8pDpoBYmcvxOUo-JGEgemdnsUXQCNcBGAsYHQ/s0/3.jpg,ps5
Away The Survival Series,https://dlpsgame.com/away-the-survival-series-ps5/,https://1.bp.blogspot.com/-Cr4Mac5Rbbc/ZaNSAjDwKkI/AAAAAAAAESM/vCaV7nPdkeE54RAy-MK023NdcbxpNtfwwCNcBGAsYHQ/s0/2.jpg,ps5
The Medium,https://dlpsgame.com/the-medium-ps5/,https://1.bp.blogspot.com/-SP93Nvyoxw8/ZaNRHMMIywI/AAAAAAAAER0/MIjb_07dV_8lIgFrbCe7-lfO1aVPtELvQCNcBGAsYHQ/s0/1.jpg,ps5
A Plague Tale Innocence,https://dlpsgame.com/a-plague-tale-innocence-ps5/,https://1.bp.blogspot.com/-ZsDXfe4RkJg/ZaI5FSpilUI/AAAAAAAAERQ/n4EA-PO9tQ4D-2ZM3x_QlARJcQRyPcahwCNcBGAsYHQ/s0/2.jpg,ps5
MechWarrior 5 Mercenaries,https://dlpsgame.com/mechwarrior-5-mercenaries-ps5/,https://1.bp.blogspot.com/-z8lkSwhK-HI/ZaI4SsJcfmI/AAAAAAAAEQ4/13KJDrwmNYU58_qdKbFtkHWnxAVgDOgfwCNcBGAsYHQ/s0/1.jpg,ps5
Abandoned Realtime Trailers Demo,https://dlpsgame.com/abandoned-demo-ps5/,https://1.bp.blogspot.com/-HgHvJ6Ecutk/ZZ9TMo8cOKI/AAAAAAAAEO0/vydh3Y1SBwcs6DV1wqRP3z-JmDv-ssbjwCNcBGAsYHQ/s0/4.jpg,ps5
Resident Evil Village Maiden Demo,https://dlpsgame.com/resident-evil-village-maiden-demo-ps5/,https://1.bp.blogspot.com/-TKgcgdLeD0c/ZZ9RpmoNSnI/AAAAAAAAEOc/6pAWCmRy_douepguocaX9lC0cmzKzPCqwCNcBGAsYHQ/s0/3.jpg,ps5
The Matrix Awakens An Unreal Engine 5 Experience Demo,https://dlpsgame.com/the-matrix-awakens-an-unreal-engine-5-experience-demo-ps5/,https://1.bp.blogspot.com/-NcDNWv_wV6U/ZZ9Q0Mxe3pI/AAAAAAAAEOI/kdYlF2oRYMs3BI2kL2SY2RQDqYGPbnaAgCNcBGAsYHQ/s0/2.jpg,ps5
Little Nightmares II,https://dlpsgame.com/little-nightmares-ii-ps5/,https://1.bp.blogspot.com/-xJLD-znnKF8/ZZ9NmU5k0zI/AAAAAAAAENw/WobPRDjz-RwMUD6ekdeElsSlPbJfUSEogCNcBGAsYHQ/s0/1.jpg,ps5
The Dark Pictures Anthology House of Ashes,https://dlpsgame.com/the-dark-pictures-anthology-house-of-ashes-ps5/,https://1.bp.blogspot.com/-vNEyfdNaUt4/ZZ5VAKDINpI/AAAAAAAAENY/fFs46Q1_FkIikj-xB9bHknkzEPzuDUntACNcBGAsYHQ/s0/1.jpg,ps5
Sniper Ghost Warrior Contracts 2,https://dlpsgame.com/sniper-ghost-warrior-contracts-2-ps5/,https://1.bp.blogspot.com/-5_JRozZAR80/ZZ4K6wfW-gI/AAAAAAAAENE/vLnV8oa2z9oXf1uWfjKYtzMj6y859LnOQCNcBGAsYHQ/s0/2.jpg,ps5
DIRT 5,https://dlpsgame.com/dirt-5-ps5/,https://1.bp.blogspot.com/-hJv4l9WDnss/ZZ4KLkDL8wI/AAAAAAAAEMs/bxiaCaH9Z6YlI2851e00k5c-lgpOlbezgCNcBGAsYHQ/s0/1.jpg,ps5
Aliens Fireteam Elite,https://dlpsgame.com/aliens-fireteam-elite-ps5/,https://1.bp.blogspot.com/-80nwFHDotsI/ZZ36LcO_CUI/AAAAAAAAEMY/PtMnNwUmUWslGhlfFkea9MEcS2eT9YcGACNcBGAsYHQ/s0/2.jpg,ps5
Necromunda Hired Gun,https://dlpsgame.com/necromunda-hired-gun-ps5/,https://1.bp.blogspot.com/-WX1N5y-Vc5M/ZZrZPScJmdI/AAAAAAAAEKg/92UfU3Wc0a4sG1h6pwBGrZr3YAu3xpEBACNcBGAsYHQ/s0/1.jpg,ps5
Elex II,https://dlpsgame.com/elex-ii-ps5/,https://1.bp.blogspot.com/-5vsoh1pzA4w/ZZrZtbTIBJI/AAAAAAAAEKs/VSf6CMJmNQwWt4IBx_OZU7vbi5O3RGU6gCNcBGAsYHQ/s0/0.jpg,ps5
Visage,https://dlpsgame.com/visage-ps5/,https://1.bp.blogspot.com/-4QchUxoy9UM/ZZq3BLqYC2I/AAAAAAAAEJU/2cUH5_iRlyMx0H0hJZ2LtP20yRR7PS_VQCNcBGAsYHQ/s0/29.jpg,ps5
Tony Hawks Pro Skater 1 + 2,https://dlpsgame.com/tony-hawks-pro-skater-1-2-ps5/,https://1.bp.blogspot.com/-21JfLuGkvDE/ZZq2QVY_BeI/AAAAAAAAEI8/GaEaDju1JtsFCorM_bI7vigPCzSo9WRDQCNcBGAsYHQ/s0/28.jpg,ps5
Maneater,https://dlpsgame.com/maneater-ps5/,https://1.bp.blogspot.com/-ZM_7wsm6i6k/ZZq1jFhTK6I/AAAAAAAAEIk/OI6j-Rxu1-Y24qd7b7cuQketSiYsM1b-gCNcBGAsYHQ/s0/27.jpg,ps5
GreedFall Gold Edition,https://dlpsgame.com/greedfall-gold-edition-ps5/,https://1.bp.blogspot.com/-yxE3GLArj7Y/ZZq0107HV_I/AAAAAAAAEIQ/WVV2RmWsiBgCaDIAgkqkI4k8XbOHyV59ACNcBGAsYHQ/s0/26.jpg,ps5
SIFU,https://dlpsgame.com/sifu-ps5/,https://1.bp.blogspot.com/-HBLr0f8zkzY/ZZq0DJHFY1I/AAAAAAAAEH8/Mu4EiOAnh4kyBOFu0fpv6WOPlf83JJdIQCNcBGAsYHQ/s0/25.jpg,ps5
Marvels Guardians of The Galaxy,https://dlpsgame.com/marvels-guardians-of-the-galaxy-ps5/,https://1.bp.blogspot.com/-cLSnzG1Z2b8/ZZqzDz_xICI/AAAAAAAAEHk/GlqDiNP6TPs1JixkPgiUol5-0G-8wf64gCNcBGAsYHQ/s0/24.jpg,ps5
Grand Theft Auto Vice City The Definitive Edition,https://dlpsgame.com/grand-theft-auto-vice-city-the-definitive-edition-ps5/,https://1.bp.blogspot.com/-b9AI-j4lB08/ZZqyYKRvK2I/AAAAAAAAEHM/WaegVrL8L0AgxV7fA1LxgKYRczy_JnjMACNcBGAsYHQ/s0/23.jpg,ps5
Grand Theft Auto San Andreas The Definitive Edition,https://dlpsgame.com/grand-theft-auto-san-andreas-the-definitive-edition-ps5/,https://1.bp.blogspot.com/-Qqu_U6_71n4/ZZqxlxuQAcI/AAAAAAAAEG0/MPLifmwZrDQlzWTqCEPWD06EFJv_a5uOwCNcBGAsYHQ/s0/22.jpg,ps5
Guilty Gear Strive,https://dlpsgame.com/guilty-gear-strive-ps5/,https://1.bp.blogspot.com/-1K6noGTHRvw/ZZqwmISxa_I/AAAAAAAAEGc/CDBOE90r30gKukAhAVrAluCbUH2ZNBBxQCNcBGAsYHQ/s0/21.jpg,ps5
Tales of Arise,https://dlpsgame.com/tales-of-arise-ps5/,https://1.bp.blogspot.com/-VDT9RhD8zTA/ZZqvoJ5eCTI/AAAAAAAAEGE/HnUdZrO1zIAqHkWRAeSWDqhU4LFBf8hBACNcBGAsYHQ/s0/20.jpg,ps5
Life is Strange True Colors,https://dlpsgame.com/life-is-strange-true-colors-ps5/,https://1.bp.blogspot.com/-3fzfdvl1nH0/ZZquU23fGHI/AAAAAAAAEFs/68JSm2WvxZ4hbuol8nZfRDa4mp9s38t3wCNcBGAsYHQ/s0/19.jpg,ps5
Kena Bridge of Spirits,https://dlpsgame.com/kena-bridge-of-spirits-ps5/,https://1.bp.blogspot.com/-XcoNEkQjRh0/ZZqtGV4pvsI/AAAAAAAAEFY/NOGz93P53dYOstrJh8KdFfiTSkEqkr0hQCNcBGAsYHQ/s0/18.jpg,ps5
Star Wars Jedi Fallen Order,https://dlpsgame.com/star-wars-jedi-fallen-order-ps5/,https://1.bp.blogspot.com/-ewkc75w94XI/ZZqsKLBLEMI/AAAAAAAAEFE/JauLaqwGDmgYAdIN712ZWNSkUVgHn0sbgCNcBGAsYHQ/s0/17.jpg,ps5
Grand Theft Auto III The Definitive Edition,https://dlpsgame.com/grand-theft-auto-iii-the-definitive-edition-ps5/,https://1.bp.blogspot.com/-lOLA0DK0zJM/ZZqraOnB6VI/AAAAAAAAEEw/6nhRHgp5ulcJaaXFzhZyw5jplqyWMyuTwCNcBGAsYHQ/s0/16.jpg,ps5
Ghostwire Tokyo,https://dlpsgame.com/ghostwire-tokyo-ps5/,https://1.bp.blogspot.com/-OlhUAXNtdUs/ZZqqXMvHA8I/AAAAAAAAEEY/k4iRjXQj0us1mcaxP5dkjzdaKAvXdjdTwCNcBGAsYHQ/s0/15.jpg,ps5
Sackboy A Big Adventure,https://dlpsgame.com/sackboy-a-big-adventure-ps5/,https://1.bp.blogspot.com/-APyS9l8YuSg/ZZqpc35jRYI/AAAAAAAAEEE/wGoUJjERcj8biqdSEZca_eokgX9XRK79gCNcBGAsYHQ/s0/14.jpg,ps5
Alan Wake Remastered,https://dlpsgame.com/alan-wake-remastered-ps5/,https://1.bp.blogspot.com/-qj7XqYHD2gQ/ZZqoqeFDmeI/AAAAAAAAEDw/gbt1MfcLczoaCWJm7bjhrtclf8dcasotgCNcBGAsYHQ/s0/13.jpg,ps5
Stranger of Paradise Final Fantasy Origin,https://dlpsgame.com/stranger-of-paradise-final-fantasy-origin-ps5/,https://1.bp.blogspot.com/-kt9acu7AXMY/ZZqmuSghPdI/AAAAAAAAEDY/BR_YG8bM3-Y_wfBgE6ljC2Km-1XDWGU5wCNcBGAsYHQ/s0/12.jpg,ps5
WWE 2K22,https://dlpsgame.com/wwe-2k22-ps5/,https://1.bp.blogspot.com/-WMlfQf8q_Mo/ZZqlkDInNEI/AAAAAAAAEDA/vj5EUlUv2HIxlc-g2bNdYG4eWWA5emRcQCNcBGAsYHQ/s0/11.jpg,ps5
Farming Simulator 22,https://dlpsgame.com/farming-simulator-22-ps5/,https://1.bp.blogspot.com/-OfJlnlPecOo/ZZqkeHzRe5I/AAAAAAAAECs/Ylj-n1TA2jYhiW8Q92GCbivlDmdV9_I3ACNcBGAsYHQ/s0/10.jpg,ps5
LEGO Star Wars The Skywalker Saga,https://dlpsgame.com/lego-star-wars-the-skywalker-saga-ps5/,https://1.bp.blogspot.com/-pt28XARJt4w/ZZqirq_RRlI/AAAAAAAAECU/C3mWSnC5ulQLGmafKd2gUlO7LY9FJmiJACNcBGAsYHQ/s0/9.jpg,ps5
The King of Fighters XV,https://dlpsgame.com/the-king-of-fighters-xv-ps5/,https://1.bp.blogspot.com/-Qv-HIxqo5xU/ZZqhexcIa7I/AAAAAAAAEB8/S4POpWpKwQklQkLeFlzKnZsRro9JxKP7ACNcBGAsYHQ/s0/8.jpg,ps5
The Pathless,https://dlpsgame.com/the-pathless-ps5/,https://1.bp.blogspot.com/-tgHprv6dQIs/ZZqgSGf3MpI/AAAAAAAAEBk/gst11EUix6g9DKe1CNmcYwP4ZquZzfU7gCNcBGAsYHQ/s0/7.jpg,ps5
Ghost of Tsushima Directors Cut,https://dlpsgame.com/ghost-of-tsushima-directors-cut-ps5/,https://1.bp.blogspot.com/-_I4GePR9vmk/ZZqeV1_BKsI/AAAAAAAAEBQ/ROKpRpfHaoUlJ0HYjgc0zo8LzaApK2OCwCNcBGAsYHQ/s0/6.jpg,ps5
Returnal,https://dlpsgame.com/returnal-ps5/,https://1.bp.blogspot.com/-f9fF6D5RQlY/ZZqdGGBwfRI/AAAAAAAAEA4/Pu0VE7yaNLkwY0eOY-T-o9ddBFVydetUACNcBGAsYHQ/s0/5.jpg,ps5
Werewolf The Apocalypse Earthblood,https://dlpsgame.com/werewolf-the-apocalypse-earthblood-ps5/,https://1.bp.blogspot.com/-Ff6mTtQp7Zc/ZZqa8yZ1ryI/AAAAAAAAEAg/xVWenDoLjSc9fQE9mQO0M2br0mJF0kNhACNcBGAsYHQ/s0/4.jpg,ps5
Balan Wonderworld,https://dlpsgame.com/balan-wonderworld-ps5/,https://1.bp.blogspot.com/-mySN1orBxqc/ZZqaHqN8QgI/AAAAAAAAEAM/hQ6yyqlMZIoqrHjm_Ax1Ha73PDSwnASbACNcBGAsYHQ/s0/3.jpg,ps5
The Persistence Enhanced,https://dlpsgame.com/the-persistence-enhanced-ps5/,https://1.bp.blogspot.com/-oZYaiHCPNHA/ZZqZCNuSlgI/AAAAAAAAD_4/jbLmoLi3FXcEpo2JpRl2s4JW-i1uOrn3QCNcBGAsYHQ/s0/2.jpg,ps5
Back 4 Blood,https://dlpsgame.com/back-4-blood-ps5/,https://1.bp.blogspot.com/-yn1iquIg7wQ/ZZp_TveJskI/AAAAAAAAD_g/62cUrO7sIJM0YVqcR6He3gu8US82K8ruwCNcBGAsYHQ/s0/1.jpg,ps5
Destruction AllStars,https://dlpsgame.com/destruction-allstars-ps5/,https://1.bp.blogspot.com/-fUzAzO2TxYA/ZZ1RZzANWUI/AAAAAAAAEME/9Q0U6X1PpO8aclMgPexfaeoR_MYnVQChgCNcBGAsYHQ/s0/1.jpg,ps5
